0.000000000000000000e+00,1.000000000000000021e-03,1.200000000000000025e-02,2.300000000000000308e-02,3.400000000000000244e-02,4.500000000000000527e-02,5.600000000000000810e-02,6.700000000000000400e-02,7.800000000000001377e-02,8.900000000000000966e-02,1.000000000000000056e-01,1.010000000000000064e-01,3.675555555555555243e-01,6.341111111111110699e-01,9.006666666666666154e-01,1.167222222222222161e+00,1.433777777777777818e+00,1.700333333333333252e+00,1.966888888888888687e+00,2.233444444444444343e+00,2.500000000000000000e+00,2.609999999999999876e+00,2.610578947368420888e+00,2.611157894736841900e+00,2.611736842105262912e+00,2.612315789473683925e+00,2.612894736842105381e+00,2.613473684210526393e+00,2.614052631578947405e+00,2.614631578947368418e+00,2.615210526315789430e+00,2.615789473684210442e+00,2.616368421052631454e+00,2.616947368421052467e+00,2.617526315789473479e+00,2.618105263157894491e+00,2.618684210526315947e+00,2.619263157894736960e+00,2.619842105263157972e+00,2.620421052631578984e+00,2.620999999999999996e+00
8.775093086355112426e-01,6.982083806475252175e-01,6.626143572320768449e-01,6.533379951587432455e-01,6.477871853399704838e-01,6.438218432056579399e-01,6.407396163505124642e-01,6.382210551255632636e-01,6.360936456444654663e-01,6.342535644847714371e-01,6.326334480166454499e-01,6.324953549504844785e-01,6.149395242566564335e-01,6.075573810870898983e-01,6.024096044317306387e-01,5.979522607530195488e-01,5.934816426653153343e-01,5.884265407765641998e-01,5.820421056140238081e-01,5.728200473833868767e-01,5.541075432407582824e-01,5.190053592617247524e-01,5.182387965197069457e-01,5.174295394714464313e-01,5.165725152984085300e-01,5.156616895921426469e-01,5.146898068530123549e-01,5.136480370487555014e-01,5.125254842498699892e-01,5.113084872471280740e-01,5.099795966178906070e-01,5.085160301389941573e-01,5.068872506879520401e-01,5.050509907969931156e-01,5.029463501087495514e-01,5.004809255307902660e-01,4.975044631057113920e-01,4.937474853292608268e-01,4.886480109436157071e-01,4.806713051910332379e-01,4.611731858021486663e-01
3.330000000000000000e+02,3.330000000000000000e+02,3.330000000000000000e+02,3.330000000000000000e+02,3.330000000000000000e+02,3.330000000000000000e+02,3.330000000000000000e+02,3.330000000000000000e+02,3.330000000000000000e+02,3.330000000000000000e+02,3.330000000000000000e+02,3.330000000000000000e+02,3.330000000000000000e+02,3.330000000000000000e+02,3.330000000000000000e+02,3.330000000000000000e+02,3.330000000000000000e+02,3.330000000000000000e+02,3.330000000000000000e+02,3.330000000000000000e+02,3.330000000000000000e+02,3.330000000000000000e+02,3.330000000000000000e+02,3.330000000000000000e+02,3.330000000000000000e+02,3.330000000000000000e+02,3.330000000000000000e+02,3.330000000000000000e+02,3.330000000000000000e+02,3.330000000000000000e+02,3.330000000000000000e+02,3.330000000000000000e+02,3.330000000000000000e+02,3.330000000000000000e+02,3.330000000000000000e+02,3.330000000000000000e+02,3.330000000000000000e+02,3.330000000000000000e+02,3.330000000000000000e+02,3.330000000000000000e+02,3.330000000000000000e+02
1.576399287838173638e-02,1.575880374494010444e-02,1.570196201462682045e-02,1.564554994514432210e-02,1.558955623395881160e-02,1.553396984680527511e-02,1.547878001164220384e-02,1.542397621261617190e-02,1.536954818404844512e-02,1.531548590445079572e-02,1.526177959058277155e-02,1.525691451772632178e-02,1.404246817200948023e-02,1.293168403669005435e-02,1.185928355429213994e-02,1.077462809234086723e-02,9.622932312367857982e-03,8.325557944846262784e-03,6.753533381602146515e-03,4.687935815304956205e-03,1.760008806893749054e-03,1.763030218710327855e-04,1.672612063534408824e-04,1.582116384405294002e-04,1.491543138397004049e-04,1.400892275759187827e-04,1.310163746886066325e-04,1.219357502318888376e-04,1.128473492745183911e-04,1.037511669001070735e-04,9.464719820732298114e-05,8.553543830973578291e-05,7.641588233576373027e-05,6.728852542998951260e-05,5.815336275072253031e-05,4.901038947294808734e-05,3.985960078707479208e-05,3.070099189871853689e-05,2.153455802929560745e-05,1.236029441592090504e-05,3.178196311910741024e-06
1.576399287838173638e-02,1.575956978476663467e-02,1.571108688202300929e-02,1.566291192035938751e-02,1.561503674217624288e-02,1.556745338348569478e-02,1.552015406954864070e-02,1.547313121051885863e-02,1.542637739710324418e-02,1.537988539624271164e-02,1.533364814682355165e-02,1.532945715327901741e-02,1.427113319989203009e-02,1.328635248499694145e-02,1.232799621512680431e-02,1.135951132181816335e-02,1.034135199636754786e-02,9.216757545234351492e-03,7.892641262677115022e-03,6.210997897329432332e-03,3.905686013582265314e-03,2.683009913761494076e-03,2.676064275854936250e-03,2.669113036713338834e-03,2.662156193241236538e-03,2.655193741848028022e-03,2.648225678953571461e-03,2.641252000988325924e-03,2.634272704393267241e-03,2.627287785620128699e-03,2.620297241131541548e-03,2.613301067400838982e-03,2.606299260912060475e-03,2.599291818160987411e-03,2.592278735653218841e-03,2.585260009906454378e-03,2.578235637449491097e-03,2.571205614822128557e-03,2.564169938575527451e-03,2.557128605272194436e-03,2.550081611486378508e-03
1.576399287838173638e-02,1.576028013171140371e-02,1.571954835028065503e-02,1.567901163948885734e-02,1.563866475802670047e-02,1.559850258896712527e-02,1.555852013696256732e-02,1.551871252544645419e-02,1.547907499384541807e-02,1.543960289480421529e-02,1.540029169143091424e-02,1.539672577006039218e-02,1.448317374700945626e-02,1.361523571003871863e-02,1.276263237249886801e-02,1.190187217658723352e-02,1.100754089401335088e-02,1.004316485643098888e-02,8.948933344442105975e-03,7.623329814268452881e-03,5.895367483707694006e-03,5.007473369066674923e-03,5.002471511771276053e-03,4.997466048006096381e-03,4.992456975786419698e-03,4.987444292805430675e-03,4.982427996763059454e-03,4.977408085366038029e-03,4.972384556327801367e-03,4.967357407368736336e-03,4.962326636216277120e-03,4.957292240604661490e-03,4.952254218274991515e-03,4.947212566976015059e-03,4.942167284462666878e-03,4.937118368497744360e-03,4.932065816851128638e-03,4.927009627299804538e-03,4.921949797628001957e-03,4.916886325627258317e-03,4.911819209096723003e-03
1.576399287838173638e-02,1.576094064564346336e-02,1.572741622063757519e-02,1.569398191403654011e-02,1.566063519623458675e-02,1.562737359763544456e-02,1.559419470730026049e-02,1.556109617159724158e-02,1.552807569285695466e-02,1.549513102803296016e-02,1.546225998737321868e-02,1.545927528745021616e-02,1.468033900064287869e-02,1.392104677005843137e-02,1.316677747291243074e-02,1.240618475710592201e-02,1.162699460113553358e-02,1.081159716492888223e-02,9.931123303124093568e-03,8.936582323769148850e-03,7.745466707842180165e-03,7.168868597277743872e-03,7.165674158433279865e-03,7.162477967945407413e-03,7.159280024862234304e-03,7.156080328070667414e-03,7.152878876460911327e-03,7.149675668926435378e-03,7.146470704363865230e-03,7.143263981673244820e-03,7.140055499758077989e-03,7.136845257525052666e-03,7.133633253884145813e-03,7.130419487749172468e-03,7.127203958036758789e-03,7.123986663667451411e-03,7.120767603565151052e-03,7.117546776657235688e-03,7.114324181874498963e-03,7.111099818151289838e-03,7.107873684425728561e-03
1.576399287838173638e-02,1.576155639228167191e-02,1.573475083462071850e-02,1.570793755642106021e-02,1.568111655599081083e-02,1.565428783163777884e-02,1.562745138166976230e-02,1.560060720439416897e-02,1.557375529811860261e-02,1.554689566114988812e-02,1.552002829179505855e-02,1.551758542018936288e-02,1.486414109202052920e-02,1.420613104004113739e-02,1.354353105046800058e-02,1.287631681789861218e-02,1.220446393096168147e-02,1.152794785442037839e-02,1.084674390669921815e-02,1.016082723155576836e-02,9.470172762207742026e-03,9.183772115610061224e-03,9.182262594798335648e-03,9.180753051456012892e-03,9.179243485594028654e-03,9.177733897212101907e-03,9.176224286310040099e-03,9.174714652887614244e-03,9.173204996944454848e-03,9.171695318480301701e-03,9.170185617495024699e-03,9.168675893988294245e-03,9.167166147959742578e-03,9.165656379409286431e-03,9.164146588336507734e-03,9.162636774741233017e-03,9.161126938623170846e-03,9.159617079982113053e-03,9.158107198817726571e-03,9.156597295129699152e-03,9.155087368917930180e-03
3.142902361933538335e-01,3.142425968727476371e-01,3.137184632534950612e-01,3.131941442515734364e-01,3.126696398008168010e-01,3.121449498349794238e-01,3.116200742877888730e-01,3.110950130929442947e-01,3.105697661841211876e-01,3.100443334949604668e-01,3.095187149590817866e-01,3.094709222379855018e-01,2.966765578202288922e-01,2.837720697950444348e-01,2.707564982434894629e-01,2.576288730259227999e-01,2.443882133617414909e-01,2.310335273338929851e-01,2.175638112968049376e-01,2.039780491611634106e-01,1.902752115203875660e-01,1.845860649152143429e-01,1.845560686941057071e-01,1.845260719134735050e-01,1.844960745735567120e-01,1.844660766743446145e-01,1.844360782158262491e-01,1.844060791979907354e-01,1.843760796208275821e-01,1.843460794843254646e-01,1.843160787884738361e-01,1.842860775332617329e-01,1.842560757186783860e-01,1.842260733447129983e-01,1.841960704113545511e-01,1.841660669185923582e-01,1.841360628664155674e-01,1.841060582548130486e-01,1.840760530837746156e-01,1.840460473532887498e-01,1.840160410633448762e-01
0.000000000000000000e+00,2.132140321402461297e-26,-2.531220099213626240e-13,-2.531220047934228725e-13,-2.531219520973149292e-13,-2.531219383624783071e-13,-2.531219313870016273e-13,-2.531219575026637144e-13,-2.531219650675976088e-13,-2.531219953596202412e-13,-2.531219976259266946e-13,-2.531219976259266946e-13,-2.531220867603826241e-13,-2.531219515371555289e-13,-2.531219555482877061e-13,-2.531219463051208225e-13,-2.531219472710029731e-13,-2.531219483752866675e-13,-2.531219474233615236e-13,-2.531220167115997181e-13,-2.531220149666514117e-13,-2.531220129150152909e-13,-2.531219697355227034e-13,-2.531219705686098016e-13,-2.531219693697364088e-13,-2.531219697811911613e-13,-2.531219697811911613e-13,-2.531219727193379088e-13,-2.531219680945864521e-13,-2.531219680945864521e-13,-2.531219684674804719e-13,-2.531219684674804719e-13,-2.531219683484550180e-13,-2.531219683484550180e-13,-2.531219683484550180e-13,-2.531219683340552899e-13,-2.531219854114874184e-13,-2.531219988197728346e-13,-2.531219986602739444e-13,-2.531219972652951326e-13,-2.531219996689627927e-13
4.489860517047925687e-02,4.489994418671072046e-02,4.491467605408549363e-02,4.492941285273188701e-02,4.494415458520613360e-02,4.495890125406278720e-02,4.497365286186189026e-02,4.498840941116916126e-02,4.500317090455578650e-02,4.501793734459881569e-02,4.503270873388082879e-02,4.503405183295814546e-02,4.539352797867082789e-02,4.575595010959175590e-02,4.612135845311977206e-02,4.648979587713236022e-02,4.686130832045056621e-02,4.723594531943556968e-02,4.761376065762083082e-02,4.799481317437421374e-02,4.837916778139259022e-02,4.853875930825062024e-02,4.853960079316187171e-02,4.854044229414954115e-02,4.854128381120582925e-02,4.854212534433156867e-02,4.854296689352757127e-02,4.854380845879466277e-02,4.854465004013365503e-02,4.854549163754539459e-02,4.854633325103072106e-02,4.854717488059039771e-02,4.854801652622529190e-02,4.854885818793622243e-02,4.854969986572398033e-02,4.855054155958943990e-02,4.855138326953341993e-02,4.855222499555669757e-02,4.855306673766011938e-02,4.855390849584454577e-02,4.855475027011076777e-02
1.496620172349308504e-02,1.496672767970273592e-02,1.497251443952932366e-02,1.497830347634535042e-02,1.498409479141147790e-02,1.498988838598833487e-02,1.499568426133892490e-02,1.500148241872866287e-02,1.500728285942532284e-02,1.501308558469918210e-02,1.501889059582289451e-02,1.501941843749884410e-02,1.516079469192164325e-02,1.530353271572260782e-02,1.544765209895543161e-02,1.559317354726782318e-02,1.574011905620622750e-02,1.588851212423919579e-02,1.603837801532280102e-02,1.618974408548309180e-02,1.634264019303648466e-02,1.640618969976540692e-02,1.640652487919102426e-02,1.640686006605951083e-02,1.640719526036895151e-02,1.640753046211973140e-02,1.640786567131221133e-02,1.640820088794676251e-02,1.640853611202375273e-02,1.640887134354356708e-02,1.640920658250656985e-02,1.640954182891312188e-02,1.640987708276360132e-02,1.641021234405838636e-02,1.641054761279782739e-02,1.641088288898231995e-02,1.641121817261222485e-02,1.641155346368790291e-02,1.641188876220973925e-02,1.641222406817810509e-02,1.641255938159336819e-02
1.182329936155953831e+00,1.182369183325478801e+00,1.182800985640055202e+00,1.183232940982397619e+00,1.183665049405817182e+00,1.184097310963448946e+00,1.184529725708440173e+00,1.184962293693953894e+00,1.185395014973161354e+00,1.185827889599255114e+00,1.186260917625435507e+00,1.186300291418088682e+00,1.196840945767800202e+00,1.207472471579160933e+00,1.218195632851590160e+00,1.229011197634356956e+00,1.239919937601212441e+00,1.250922627513851859e+00,1.262020044543388231e+00,1.273212967406817775e+00,1.284502175259414791e+00,1.289189162765273400e+00,1.289213874945082106e+00,1.289238587584502049e+00,1.289263300683336055e+00,1.289288014241593228e+00,1.289312728259280227e+00,1.289337442736405714e+00,1.289362157672977682e+00,1.289386873069003903e+00,1.289411588924493035e+00,1.289436305239451963e+00,1.289461022013888902e+00,1.289485739247812290e+00,1.289510456941229233e+00,1.289535175094148833e+00,1.289559893706578642e+00,1.289584612778525763e+00,1.289609332309998413e+00,1.289634052301005473e+00,1.289658772751554272e+00
8.775093086355112426e-01,6.982058037815264129e-01,6.625836622737695247e-01,6.532795915587542579e-01,6.477014719697454792e-01,6.437092086085988152e-01,6.406004389874557781e-01,6.380557036146086158e-01,6.359024789951741585e-01,6.340369323267641688e-01,6.323916908226350220e-01,6.322513302346047803e-01,6.141703225584340675e-01,6.063643190116611015e-01,6.008329113185296722e-01,5.959847837953854421e-01,5.910649651082524603e-01,5.854286523262774988e-01,5.782102834735987074e-01,5.676966494119533024e-01,5.468897427467120931e-01,5.105730982551117680e-01,5.097994842233066759e-01,5.089831686490036144e-01,5.081190787096512285e-01,5.072011799921419817e-01,5.062222169921957171e-01,5.051733596729204301e-01,5.040437121001981602e-01,5.028196130601987335e-01,5.014836131256950047e-01,5.000129300689494238e-01,4.983770267629150652e-01,4.965336357352757024e-01,4.944218566241311841e-01,4.919492863325337084e-01,4.889656708985774536e-01,4.852015328135220740e-01,4.800948908150716177e-01,4.721110101410249671e-01,4.526057085175737571e-01
3.330000000000000000e+02,3.330000000000000000e+02,3.330000000000000000e+02,3.330000000000000000e+02,3.330000000000000000e+02,3.330000000000000000e+02,3.330000000000000000e+02,3.330000000000000000e+02,3.330000000000000000e+02,3.330000000000000000e+02,3.330000000000000000e+02,3.330000000000000000e+02,3.330000000000000000e+02,3.330000000000000000e+02,3.330000000000000000e+02,3.330000000000000000e+02,3.330000000000000000e+02,3.330000000000000000e+02,3.330000000000000000e+02,3.330000000000000000e+02,3.330000000000000000e+02,3.330000000000000000e+02,3.330000000000000000e+02,3.330000000000000000e+02,3.330000000000000000e+02,3.330000000000000000e+02,3.330000000000000000e+02,3.330000000000000000e+02,3.330000000000000000e+02,3.330000000000000000e+02,3.330000000000000000e+02,3.330000000000000000e+02,3.330000000000000000e+02,3.330000000000000000e+02,3.330000000000000000e+02,3.330000000000000000e+02,3.330000000000000000e+02,3.330000000000000000e+02,3.330000000000000000e+02,3.330000000000000000e+02,3.330000000000000000e+02
1.576399287838178148e-02,1.575829368527638732e-02,1.569577488735918527e-02,1.563356806623145828e-02,1.557166754848719921e-02,1.551006766686533964e-02,1.544876276625611368e-02,1.538774720919604093e-02,1.532701538088443276e-02,1.526656169374329339e-02,1.520638059155298913e-02,1.520092290776670768e-02,1.381235766579621410e-02,1.251234964813738131e-02,1.124723372706127808e-02,9.969906024510161863e-03,8.626825334039535040e-03,7.142972109418068392e-03,5.411718757996762837e-03,3.327627838797736232e-03,9.852964767862793828e-04,8.448392614667677586e-05,8.007655244233616374e-05,7.567350498996362870e-05,7.127479618823710740e-05,6.688043889158354111e-05,6.249044594565150625e-05,5.810483018722294678e-05,5.372360444395564227e-05,4.934678153428165883e-05,4.497437426728455648e-05,4.060639544229786835e-05,3.624285784918809106e-05,3.188377426745285211e-05,2.752915746712312193e-05,2.317902020748807018e-05,1.883337523733884518e-05,1.449223529517768777e-05,1.015561310856771147e-05,5.823521394067304091e-06,1.495972857248403061e-06
1.576399287838178148e-02,1.575905984028929188e-02,1.570491603989307428e-02,1.565098878556211645e-02,1.559727412272882488e-02,1.554376809796503833e-02,1.549046676339038524e-02,1.543736618071102872e-02,1.538446242491361797e-02,1.533175158762859792e-02,1.527922978018776863e-02,1.527446430999433551e-02,1.404999803226600688e-02,1.288623471980257333e-02,1.174526255279006656e-02,1.059373440945896548e-02,9.393731331996408446e-03,8.092174608987144288e-03,6.613884972047122911e-03,4.885816419259738329e-03,2.981424251569282646e-03,2.247712350390816856e-03,2.244100625150608971e-03,2.240492122084201867e-03,2.236886850207322943e-03,2.233284818869670733e-03,2.229686037414333605e-03,2.226090515177871296e-03,2.222498261490010469e-03,2.218909285673627794e-03,2.215323597044678832e-03,2.211741204911840241e-03,2.208162118576774760e-03,2.204586347333433848e-03,2.201013900468768488e-03,2.197444787261721311e-03,2.193879016983460353e-03,2.190316598897538644e-03,2.186757542259395049e-03,2.183201856316295281e-03,2.179649550307349252e-03
1.576399287838178148e-02,1.575977029404611318e-02,1.571339260932093362e-02,1.566714297797298580e-02,1.562101903930953641e-02,1.557501842913567962e-02,1.552913878268087806e-02,1.548337773728734011e-02,1.543773293487757901e-02,1.539220202420811187e-02,1.534678266292729097e-02,1.534265908078428879e-02,1.427036138992523844e-02,1.323293747487207933e-02,1.220708352150428125e-02,1.117220901607815856e-02,1.010488147550648794e-02,8.972367873333778748e-03,7.728650898930584587e-03,6.330721056286230976e-03,4.832428882232260060e-03,4.253669023625877149e-03,4.250795101351970140e-03,4.247923377441822392e-03,4.245053857775090041e-03,4.242186548451546552e-03,4.239321455566363167e-03,4.236458585210351770e-03,4.233597943469617070e-03,4.230739536425614719e-03,4.227883370155129626e-03,4.225029450729962839e-03,4.222177784217171805e-03,4.219328376678569033e-03,4.216481234171254658e-03,4.213636362746854894e-03,4.210793768451743212e-03,4.207953457327163506e-03,4.205115435408861464e-03,4.202279708727030792e-03,4.199446283306346173e-03
1.576399287838178148e-02,1.576043090729703847e-02,1.572127452145474433e-02,1.568216390433462351e-02,1.564309817730359306e-02,1.560407645391042111e-02,1.556509784143440996e-02,1.552616144231811803e-02,1.548726635549457949e-02,1.544841167760921570e-02,1.540959650414809590e-02,1.540606977964382486e-02,1.447526558346296822e-02,1.355531797033849607e-02,1.263650633552553144e-02,1.171010185820238296e-02,1.076614225945909768e-02,9.790812885717320099e-03,8.765212583494415635e-03,7.674261209847855168e-03,6.553579871713523762e-03,6.118901695549806494e-03,6.116713817105531859e-03,6.114527185038385465e-03,6.112341802311955022e-03,6.110157672004080595e-03,6.107974797189870061e-03,6.105793180942085084e-03,6.103612826330756871e-03,6.101433736423316281e-03,6.099255914284618108e-03,6.097079362976660054e-03,6.094904085558815188e-03,6.092730085087502342e-03,6.090557364616551277e-03,6.088385927196677920e-03,6.086215775875695143e-03,6.084046913698589083e-03,6.081879343707279756e-03,6.079713068940584622e-03,6.077548092434239407e-03
1.576399287838178148e-02,1.576104674652262921e-02,1.572862222551290115e-02,1.569616676553263132e-02,1.566368086955964231e-02,1.563116502873015609e-02,1.559861972260298026e-02,1.556604541942172189e-02,1.553344257637891829e-02,1.550081163987611886e-02,1.546815304578556642e-02,1.546518272602417747e-02,1.466628209682037561e-02,1.385584865814547435e-02,1.303682439282952826e-02,1.221153822945730827e-02,1.138258513058733497e-02,1.055378659524014440e-02,9.731519790031922801e-03,8.926740972502211421e-03,8.158077345855390891e-03,7.857715506237525349e-03,7.856167174003026235e-03,7.854619200681317234e-03,7.853071586517547734e-03,7.851524331772436263e-03,7.849977436705719500e-03,7.848430901576660540e-03,7.846884726643639507e-03,7.845338912164337430e-03,7.843793458395817778e-03,7.842248365594271450e-03,7.840703634015235360e-03,7.839159263913427628e-03,7.837615255542964426e-03,7.836071609157037321e-03,7.834528325008131844e-03,7.832985403348050046e-03,7.831442844427804681e-03,7.829900648497572363e-03,7.828358815806735205e-03
3.142902361933538891e-01,3.142326320035482290e-01,3.135986246868719962e-01,3.129639619938361927e-01,3.123286536110682077e-01,3.116927089964973696e-01,3.110561373844816235e-01,3.104189477908730899e-01,3.097811490180827354e-01,3.091427496601095726e-01,3.085037581075709689e-01,3.084456388860724596e-01,2.927984581209157611e-01,2.768940468516514763e-01,2.607888699276212363e-01,2.445277453252820143e-01,2.281611084342169415e-01,2.117640964493735789e-01,1.954631780981914702e-01,1.794768968804143494e-01,1.641783228334392497e-01,1.581923739833512865e-01,1.581615055577993700e-01,1.581306441695766174e-01,1.580997898236713994e-01,1.580689425253603841e-01,1.580381022799059731e-01,1.580072690925564405e-01,1.579764429685461824e-01,1.579456239130942186e-01,1.579148119314062182e-01,1.578840070286727237e-01,1.578532092100699280e-01,1.578224184807587582e-01,1.577916348458862084e-01,1.577608583105836182e-01,1.577300888799670064e-01,1.576993265591380144e-01,1.576685713531827959e-01,1.576378232671719337e-01,1.576070823061608839e-01
0.000000000000000000e+00,8.558248202063458034e-34,-2.819716563924864609e-13,-2.819716612882408958e-13,-2.819716612882408958e-13,-2.819716612882408958e-13,-2.819716616694575117e-13,-2.819716617400925968e-13,-2.819716617400925968e-13,-2.819716533395514902e-13,-2.819716508581442007e-13,-2.819716508581442007e-13,-2.819717114029702799e-13,-2.819717097107095516e-13,-2.819717097107095516e-13,-2.819716733477607140e-13,-2.819716733474152308e-13,-2.819716733483126894e-13,-2.819718022073725996e-13,-2.819718648900408630e-13,-2.819718677529040269e-13,-2.819718768581993803e-13,-2.819718768581993803e-13,-2.819718778508430754e-13,-2.819719185460574245e-13,-2.819719348611866283e-13,-2.819719348611866283e-13,-2.819718925115254280e-13,-2.819718925115254280e-13,-2.819718926082939981e-13,-2.819718916913917541e-13,-2.819718946155195976e-13,-2.819718947121120688e-13,-2.819718949239187227e-13,-2.819718949239187227e-13,-2.819718951970860828e-13,-2.819718951659654317e-13,-2.819718702242668073e-13,-2.819718702618811594e-13,-2.819718718455565599e-13,-2.819718658621933093e-13
4.489860517047925687e-02,4.490017940640381178e-02,4.491750493193155669e-02,4.493484666930788740e-02,4.495220439255980666e-02,4.496957788108351534e-02,4.498696691953389670e-02,4.500437129770579886e-02,4.502179081041544906e-02,4.503922525738247168e-02,4.505667444311210745e-02,4.505826145694048074e-02,4.548518250341664071e-02,4.591865817317737630e-02,4.635739036994411533e-02,4.680035753756214834e-02,4.724640683767152016e-02,4.769380015701029513e-02,4.813957621071352638e-02,4.857856854279382630e-02,4.900189148912916653e-02,4.916897981875124890e-02,4.916984433723741582e-02,4.917070869080777951e-02,4.917157287933875132e-02,4.917243690270287765e-02,4.917330076077303103e-02,4.917416445342239623e-02,4.917502798052454660e-02,4.917589134195332612e-02,4.917675453758296733e-02,4.917761756728807748e-02,4.917848043094352056e-02,4.917934312842463240e-02,4.918020565960697782e-02,4.918106802436655878e-02,4.918193022257970337e-02,4.918279225412310052e-02,4.918365411887381383e-02,4.918451581670928857e-02,4.918537734750727530e-02
1.496620172349308851e-02,1.496682230185913780e-02,1.497365249192917497e-02,1.498048963638116265e-02,1.498733364551816348e-02,1.499418443177823537e-02,1.500104190969010244e-02,1.500790599582613703e-02,1.501477660875531576e-02,1.502165366899646699e-02,1.502853709897150440e-02,1.502916317855611597e-02,1.519774690073008236e-02,1.536923830634263563e-02,1.554312315336872294e-02,1.571899547319656476e-02,1.589639288735010189e-02,1.607461138291301633e-02,1.625244321198805741e-02,1.642777176357781282e-02,1.659694543301143410e-02,1.666371343381949435e-02,1.666405884191136944e-02,1.666440418344073207e-02,1.666474945835799693e-02,1.666509466661033126e-02,1.666543980814502723e-02,1.666578488290952967e-02,1.666612989085140828e-02,1.666647483191836462e-02,1.666681970605826332e-02,1.666716451321910084e-02,1.666750925334899852e-02,1.666785392639625815e-02,1.666819853230927517e-02,1.666854307103663238e-02,1.666888754252703747e-02,1.666923194672935080e-02,1.666957628359258189e-02,1.666992055306589296e-02,1.667026475509858149e-02
1.182329936155954053e+00,1.182376189342114081e+00,1.182885245400113527e+00,1.183394793515005317e+00,1.183904826932957732e+00,1.184415339059017969e+00,1.184926323453810326e+00,1.185437773830018582e+00,1.185949684048871244e+00,1.186462048116645462e+00,1.186974860181173153e+00,1.187021501475932439e+00,1.199572528741506661e+00,1.212323444031564890e+00,1.225234738695077930e+00,1.238274890406466655e+00,1.251408193672841618e+00,1.264581203203551274e+00,1.277703724450497624e+00,1.290619657391127051e+00,1.303062250690182777e+00,1.307968178965307926e+00,1.307993552438917240e+00,1.308018920963015308e+00,1.308044284534001456e+00,1.308069643148085159e+00,1.308094996801483889e+00,1.308120345490426661e+00,1.308145689211152041e+00,1.308171027959908361e+00,1.308196361732954838e+00,1.308221690526561787e+00,1.308247014337007519e+00,1.308272333160584111e+00,1.308297646993590746e+00,1.308322955832339707e+00,1.308348259673152603e+00,1.308373558512362589e+00,1.308398852346313923e+00,1.308424141171360855e+00,1.308449424983868958e+00
8.775093086355112426e-01,6.982006496620555280e-01,6.625222175759070131e-01,6.531625867506247740e-01,6.475296211583265737e-01,6.434832098076963547e-01,6.403209743853953695e-01,6.377234398411764094e-01,6.355180673873762620e-01,6.336010091930102117e-01,6.319048777049843801e-01,6.317599210716718927e-01,6.126017272006416547e-01,6.039135524471463956e-01,5.975809090333856766e-01,5.919188230532156370e-01,5.860685078556766570e-01,5.792377606372077770e-01,5.703345185319682598e-01,5.573316921459448015e-01,5.329572080913036469e-01,4.948639965659484830e-01,4.940806547784590275e-01,4.932546079261991845e-01,4.923807831939844282e-01,4.914531461758393505e-01,4.904644413746226950e-01,4.894058387605868532e-01,4.882664424067643671e-01,4.870325911064816715e-01,4.856868354396738363e-01,4.842063931857712999e-01,4.825607272249010093e-01,4.807075700919262728e-01,4.785860214321315809e-01,4.761036781557598796e-01,4.731102863081013687e-01,4.693363683876171089e-01,4.642199431392178277e-01,4.562262758079141389e-01,4.367111841271151262e-01
3.330000000000000000e+02,3.330000000000000000e+02,3.330000000000000000e+02,3.330000000000000000e+02,3.330000000000000000e+02,3.330000000000000000e+02,3.330000000000000000e+02,3.330000000000000000e+02,3.330000000000000000e+02,3.330000000000000000e+02,3.330000000000000000e+02,3.330000000000000000e+02,3.330000000000000000e+02,3.330000000000000000e+02,3.330000000000000000e+02,3.330000000000000000e+02,3.330000000000000000e+02,3.330000000000000000e+02,3.330000000000000000e+02,3.330000000000000000e+02,3.330000000000000000e+02,3.330000000000000000e+02,3.330000000000000000e+02,3.330000000000000000e+02,3.330000000000000000e+02,3.330000000000000000e+02,3.330000000000000000e+02,3.330000000000000000e+02,3.330000000000000000e+02,3.330000000000000000e+02,3.330000000000000000e+02,3.330000000000000000e+02,3.330000000000000000e+02,3.330000000000000000e+02,3.330000000000000000e+02,3.330000000000000000e+02,3.330000000000000000e+02,3.330000000000000000e+02,3.330000000000000000e+02,3.330000000000000000e+02,3.330000000000000000e+02
1.576399287838173985e-02,1.575791043281794465e-02,1.569103365705934103e-02,1.562421477554348792e-02,1.555745737350266999e-02,1.549076473939280107e-02,1.542413987739517899e-02,1.535758551958463919e-02,1.529110413775569208e-02,1.522469795489719835e-02,1.515836895631070269e-02,1.515234293716919561e-02,1.357076220740642374e-02,1.203102426956355504e-02,1.050667991261035328e-02,8.959773440734768862e-03,7.340736202559841779e-03,5.589887896845535317e-03,3.679411324250590407e-03,1.769020664059020066e-03,3.542272988163852458e-04,2.501655608501803519e-05,2.368677899449753591e-05,2.236102227339863539e-05,2.103928161188661119e-05,1.972155298082403716e-05,1.840783233449975955e-05,1.709811561071183835e-05,1.579239873080453903e-05,1.449067759974936303e-05,1.319294810622007964e-05,1.189920612254271382e-05,1.060944750509517968e-05,9.323668093648737842e-06,8.041863712617501107e-06,6.764030169847657651e-06,5.490163257239757319e-06,4.220258751081453271e-06,2.954312411723210336e-06,1.692319983744004353e-06,4.342771960700214488e-07
1.576399287838173985e-02,1.575867684626095291e-02,1.570021153380642132e-02,1.564176863669045417e-02,1.558335109719036736e-02,1.552496163669425840e-02,1.546660276479605231e-02,1.540827678815585508e-02,1.534998581911942682e-02,1.529173178408899103e-02,1.523351643164154098e-02,1.522822610087356740e-02,1.383160589178809678e-02,1.245875373236564679e-02,1.109293915085781193e-02,9.708718479533749376e-03,8.272531351080731829e-03,6.744542319521947167e-03,5.109847742002013478e-03,3.491549500330808509e-03,2.256776654236327274e-03,1.940219920841830710e-03,1.938859376123222436e-03,1.937501886395498994e-03,1.936147448519444716e-03,1.934796059556286897e-03,1.933447716555028451e-03,1.932102416552469596e-03,1.930760156573229106e-03,1.929420933629813484e-03,1.928084744722695452e-03,1.926751586840200550e-03,1.925421456958917830e-03,1.924094352043090100e-03,1.922770269045608136e-03,1.921449204907110363e-03,1.920131156556411983e-03,1.918816120910781225e-03,1.917504094875650085e-03,1.916195075344798637e-03,1.914889059200401656e-03
1.576399287838173985e-02,1.575938753965940714e-02,1.570872215751153295e-02,1.565804629119710648e-02,1.560736228678280026e-02,1.555667233981604738e-02,1.550597850126106056e-02,1.545528268329185440e-02,1.540458666493819788e-02,1.535389209757822421e-02,1.530320051027479929e-02,1.529859238162000791e-02,1.407348563203777124e-02,1.285538626577334767e-02,1.163657597535065411e-02,1.040321346750097860e-02,9.136582819393656088e-03,7.815250673060018458e-03,6.436288096460123821e-03,5.088846473334553144e-03,4.021006234845217638e-03,3.716183534807443629e-03,3.714794459331752750e-03,3.713407543660986188e-03,3.712022785734135459e-03,3.710640183623520761e-03,3.709259735393269624e-03,3.707881439099285255e-03,3.706505292789250006e-03,3.705131294502685656e-03,3.703759442271031908e-03,3.702389734117481155e-03,3.701022168057387877e-03,3.699656742097716996e-03,3.698293454237792412e-03,3.696932302468687679e-03,3.695573284773477542e-03,3.694216399127457379e-03,3.692861643497892532e-03,3.691509015844213031e-03,3.690158514117999281e-03
1.576399287838173985e-02,1.576004837574036463e-02,1.571663573491079852e-02,1.567318201841056205e-02,1.562968901792168366e-02,1.558615844004026217e-02,1.554259190927507854e-02,1.549899097098846393e-02,1.545535709427733710e-02,1.541169167478951239e-02,1.536799603747332835e-02,1.536402225236510426e-02,1.429839676806074489e-02,1.322419381278127498e-02,1.214207501241096332e-02,1.104898750605724268e-02,9.940018432148913993e-03,8.810845557918762713e-03,7.669674599521300248e-03,6.574088173997472313e-03,5.661469709671596365e-03,5.367557864630070029e-03,5.366142259917235265e-03,5.364727982623409414e-03,5.363315031690142273e-03,5.361903406129914750e-03,5.360493104950766856e-03,5.359084127156209243e-03,5.357676471745218862e-03,5.356270137712282331e-03,5.354865124047482675e-03,5.353461429736278143e-03,5.352059053759918548e-03,5.350657995094939591e-03,5.349258252713687614e-03,5.347859825583981333e-03,5.346462712669192499e-03,5.345066912928421975e-03,5.343672425316278556e-03,5.342279248783081934e-03,5.340887382274795911e-03
1.576399287838173985e-02,1.576066442269336704e-02,1.572401295807492050e-02,1.568729189966543841e-02,1.565050252233652489e-02,1.561364607687234715e-02,1.557672379022988218e-02,1.553973686582097585e-02,1.550268648381584492e-02,1.546557380146448488e-02,1.542839995343485773e-02,1.542501751831534818e-02,1.450806422423436132e-02,1.356800489108592883e-02,1.261331311592497201e-02,1.165099326851635336e-02,1.068900002596594352e-02,9.738962549273404851e-03,8.819466535787605019e-03,7.958665454995961230e-03,7.190748382993690860e-03,6.907007893858349047e-03,6.905567557966008942e-03,6.904127773522982132e-03,6.902688540405373802e-03,6.901249858502107003e-03,6.899811727701156763e-03,6.898374147889418245e-03,6.896937118952685061e-03,6.895500640775687438e-03,6.894064713242176352e-03,6.892629336234658115e-03,6.891194509634810707e-03,6.889760233323029281e-03,6.888326507178731475e-03,6.886893331080283683e-03,6.885460704904913451e-03,6.884028628528843056e-03,6.882597101827116898e-03,6.881166124673775836e-03,6.879735696941774795e-03
3.142902361933538335e-01,3.142251565933370516e-01,3.135084940790499042e-01,3.127904062554787701e-01,3.120709176807980878e-01,3.113500524499558386e-01,3.106278341998825465e-01,3.099042861148485484e-01,3.091794309322317136e-01,3.084532909486330521e-01,3.077258880263413765e-01,3.076596986070108120e-01,2.896959830352261456e-01,2.712376189485636857e-01,2.524482857164063176e-01,2.334641451980924154e-01,2.144414549498477041e-01,1.956108743799956362e-01,1.773435768286021619e-01,1.602047141433973199e-01,1.448843924913630343e-01,1.392162618986972356e-01,1.391874789291657200e-01,1.391587068770641644e-01,1.391299457399237105e-01,1.391011955156437052e-01,1.390724562021017630e-01,1.390437277971542929e-01,1.390150102986367486e-01,1.389863037043623795e-01,1.389576080121240342e-01,1.389289232196924406e-01,1.389002493248176762e-01,1.388715863252268368e-01,1.388429342186279225e-01,1.388142930027054245e-01,1.387856626751224898e-01,1.387570432335212545e-01,1.387284346755223163e-01,1.386998369987240964e-01,1.386712502007036996e-01
0.000000000000000000e+00,2.176809303897098166e-33,-1.469984092332413069e-12,-1.469984089353169622e-12,-1.469984089224081383e-12,-1.469984091126453206e-12,-1.469984084531098027e-12,-1.469984084531098027e-12,-1.469984085890271086e-12,-1.469984089741993179e-12,-1.469984089831685124e-12,-1.469984089735908878e-12,-1.469984134594999373e-12,-1.469984134594999373e-12,-1.469984124083056681e-12,-1.469984133089496529e-12,-1.469984154808709413e-12,-1.469984154804048646e-12,-1.469984001173547802e-12,-1.469984002357474893e-12,-1.469984000928239677e-12,-1.469983999208732728e-12,-1.469983998833322381e-12,-1.469984007455300959e-12,-1.469984007915312738e-12,-1.469984009004621757e-12,-1.469984008182658078e-12,-1.469983983268585084e-12,-1.469983983185676788e-12,-1.469983983142919264e-12,-1.469983983142919264e-12,-1.469983980908495615e-12,-1.469983980849698947e-12,-1.469983980849698947e-12,-1.469983980849698947e-12,-1.469983980813741026e-12,-1.469983991554494276e-12,-1.469983997804951087e-12,-1.469983997804628171e-12,-1.469984002853695009e-12,-1.469983999885369094e-12
4.489860517047925687e-02,4.490035586272745488e-02,4.491963253866124856e-02,4.493894375383799406e-02,4.495828893398939180e-02,4.497766751567274651e-02,4.499707894619926069e-02,4.501652268350948838e-02,4.503599819603882476e-02,4.505550496257505755e-02,4.507504247210745302e-02,4.507682011639200376e-02,4.555851515177144345e-02,4.605250073305001968e-02,4.655497230377151491e-02,4.706277221432911967e-02,4.757226217371642724e-02,4.807802615059755119e-02,4.857127574925904773e-02,4.903853304859676077e-02,4.946322126174285821e-02,4.962305826236736855e-02,4.962387470872850481e-02,4.962469089690065005e-02,4.962550682693887133e-02,4.962632249889091518e-02,4.962713791280494446e-02,4.962795306872964246e-02,4.962876796671424062e-02,4.962958260680845612e-02,4.963039698906254044e-02,4.963121111352720993e-02,4.963202498025379161e-02,4.963283858929400105e-02,4.963365194070017139e-02,4.963446503452509373e-02,4.963527787082212123e-02,4.963609044964507888e-02,4.963690277104836762e-02,4.963771483508685328e-02,4.963852664181590824e-02
1.496620172349308678e-02,1.496689328526438004e-02,1.497450843468754907e-02,1.498213803444016848e-02,1.498978185661997524e-02,1.499743967761151507e-02,1.500511127805584724e-02,1.501279644280191158e-02,1.502049496085389006e-02,1.502820662531533999e-02,1.503593123332990812e-02,1.503663410534696043e-02,1.522732417729318229e-02,1.542332591525609302e-02,1.562312453262940798e-02,1.582545494179702847e-02,1.602884563113008559e-02,1.623108798085580451e-02,1.642857819011690410e-02,1.661576686896253791e-02,1.678579888978945153e-02,1.684970988117047083e-02,1.685003616699737305e-02,1.685036234774730038e-02,1.685068842344250584e-02,1.685101439410160995e-02,1.685134025974339977e-02,1.685166602038688788e-02,1.685199167605130888e-02,1.685231722675608473e-02,1.685264267252087680e-02,1.685296801336551992e-02,1.685329324931010564e-02,1.685361838037489901e-02,1.685394340658039405e-02,1.685426832794729990e-02,1.685459314449653037e-02,1.685491785624921440e-02,1.685524246322670297e-02,1.685556696545054828e-02,1.685589136294251764e-02
1.182329936155953831e+00,1.182381445093922290e+00,1.182948617633502453e+00,1.183516830811247811e+00,1.184086067519000807e+00,1.184656310968448700e+00,1.185227544688884471e+00,1.185799752523539086e+00,1.186372918625614670e+00,1.186947027454085646e+00,1.187522063769239855e+00,1.187574385270219857e+00,1.201758290191744294e+00,1.216314426764674828e+00,1.231128134756151349e+00,1.246103446937760539e+00,1.261129501761251825e+00,1.276041926927706793e+00,1.290575568003115237e+00,1.304325989629398608e+00,1.316798207937146081e+00,1.321483116819008652e+00,1.321507031829369794e+00,1.321530939112619984e+00,1.321554838670478293e+00,1.321578730504396670e+00,1.321602614615839721e+00,1.321626491006287374e+00,1.321650359677235764e+00,1.321674220630195462e+00,1.321698073866693246e+00,1.321721919388269662e+00,1.321745757196482574e+00,1.321769587292903170e+00,1.321793409679119291e+00,1.321817224356733211e+00,1.321841031327364080e+00,1.321864830592645035e+00,1.321888622154225201e+00,1.321912406013768804e+00,1.321936182172956054e+00
8.775093086355112426e-01,6.981929174197849530e-01,6.624298996026454223e-01,6.529865328612709519e-01,6.472706669694551218e-01,6.431421767502580877e-01,6.398986697285936609e-01,6.372206567267191257e-01,6.349355848733335694e-01,6.329395923065378460e-01,6.311652775032007279e-01,6.310132500572508407e-01,6.101556850078219130e-01,6.000239553268018611e-01,5.923568010623204705e-01,5.853335011255861309e-01,5.779376036031610431e-01,5.691627501084227658e-01,5.576469372320504991e-01,5.411723546969827714e-01,5.126247258414056152e-01,4.727123807141938583e-01,4.719194146696731873e-01,4.710837432854806939e-01,4.702002937499072943e-01,4.692630316604420870e-01,4.682647015233999399e-01,4.671964733124808200e-01,4.660474511041566847e-01,4.648039736951847245e-01,4.634485916689222162e-01,4.619585228082137007e-01,4.603032299965916230e-01,4.584404457723163517e-01,4.563092697840609446e-01,4.538172989454483108e-01,4.508142793051405639e-01,4.470307333649617965e-01,4.419046798731773862e-01,4.339013840781443809e-01,4.143766637166094169e-01
3.330000000000000000e+02,3.330000000000000000e+02,3.330000000000000000e+02,3.330000000000000000e+02,3.330000000000000000e+02,3.330000000000000000e+02,3.330000000000000000e+02,3.330000000000000000e+02,3.330000000000000000e+02,3.330000000000000000e+02,3.330000000000000000e+02,3.330000000000000000e+02,3.330000000000000000e+02,3.330000000000000000e+02,3.330000000000000000e+02,3.330000000000000000e+02,3.330000000000000000e+02,3.330000000000000000e+02,3.330000000000000000e+02,3.330000000000000000e+02,3.330000000000000000e+02,3.330000000000000000e+02,3.330000000000000000e+02,3.330000000000000000e+02,3.330000000000000000e+02,3.330000000000000000e+02,3.330000000000000000e+02,3.330000000000000000e+02,3.330000000000000000e+02,3.330000000000000000e+02,3.330000000000000000e+02,3.330000000000000000e+02,3.330000000000000000e+02,3.330000000000000000e+02,3.330000000000000000e+02,3.330000000000000000e+02,3.330000000000000000e+02,3.330000000000000000e+02,3.330000000000000000e+02,3.330000000000000000e+02,3.330000000000000000e+02
1.576399287838173985e-02,1.575765403087762279e-02,1.568774339886214522e-02,1.561750458885996680e-02,1.554694870766114637e-02,1.547608658534459745e-02,1.540492877414880758e-02,1.533348554797647582e-02,1.526176690248616345e-02,1.518978255572442718e-02,1.511754194925895613e-02,1.511096223326053797e-02,1.330219959146143084e-02,1.143010819624131098e-02,9.523845755963660994e-03,7.582595168209104765e-03,5.602110410844027624e-03,3.625185779392164041e-03,1.844465444516982678e-03,6.143171188872829057e-04,8.121668921790390239e-05,4.881749624694649822e-06,4.618476144024765320e-06,4.356414687850829282e-06,4.095561720068335508e-06,3.835913757803411404e-06,3.577467323491071370e-06,3.320218944888344540e-06,3.064165155078408300e-06,2.809302492482949470e-06,2.555627500873478539e-06,2.303136729350773028e-06,2.051826732453439581e-06,1.801694069940856271e-06,1.552735307178927705e-06,1.304947014739842479e-06,1.058325768597610943e-06,8.128681502087540871e-07,5.685707464072034873e-07,3.254301494433213026e-07,8.344295700236525117e-08
1.576399287838173985e-02,1.575842084618821540e-02,1.569697876802717343e-02,1.563526826755196053e-02,1.557329789779115896e-02,1.551107600543903502e-02,1.544861072996040960e-02,1.538591000317014734e-02,1.532298154925232705e-02,1.525983288518412140e-02,1.519647132153593636e-02,1.519070086955058921e-02,1.360590653693160776e-02,1.196498834938452237e-02,1.029332403381917269e-02,8.594167485191527359e-03,6.868951264211686260e-03,5.154987042847397269e-03,3.600600490807044553e-03,2.472455459638575170e-03,1.883743938376719650e-03,1.755225794972908914e-03,1.754664965498522891e-03,1.754105169682612956e-03,1.753546404885146385e-03,1.752988668509802015e-03,1.752431957963934998e-03,1.751876270658535599e-03,1.751321604008290993e-03,1.750767955431556649e-03,1.750215322350371716e-03,1.749663702190441686e-03,1.749113092381245939e-03,1.748563490355823508e-03,1.748014893551114819e-03,1.747467299407604990e-03,1.746920705369540234e-03,1.746375108884904012e-03,1.745830507405431772e-03,1.745286898386539396e-03,1.744744279287430101e-03
1.576399287838173985e-02,1.575913191223754506e-02,1.570554270431737814e-02,1.565174048537883167e-02,1.559773144035342222e-02,1.554352161309862507e-02,1.548911690571986438e-02,1.543452307821942086e-02,1.537974574844838682e-02,1.532479039233741736e-02,1.526966234438811680e-02,1.526464232103491754e-02,1.388753327923317182e-02,1.246098146807424721e-02,1.100685944648079929e-02,9.532196135781540250e-03,8.043689833315303614e-03,6.573568187011645872e-03,5.229060423992342756e-03,4.195502809910007375e-03,3.555223253097377408e-03,3.378315746484635181e-03,3.377478994035753614e-03,3.376643109842365157e-03,3.375808092099951471e-03,3.374973939034289425e-03,3.374140648873318223e-03,3.373308219847048761e-03,3.372476650187676821e-03,3.371645938129518450e-03,3.370816081909029042e-03,3.369987079764787292e-03,3.369158929937602319e-03,3.368331630670305058e-03,3.367505180208043170e-03,3.366679576797971390e-03,3.365854818689481814e-03,3.365030904134087234e-03,3.364207831385543444e-03,3.363385598699677494e-03,3.362564204334575913e-03
1.576399287838173985e-02,1.575979309482677948e-02,1.571350585426069257e-02,1.566705712669999237e-02,1.562045089510838251e-02,1.557369106205760446e-02,1.552678144925129754e-02,1.547972579723845381e-02,1.543252776530288500e-02,1.538519093151439684e-02,1.533771879293306488e-02,1.533339655334623776e-02,1.414940304343959877e-02,1.292217915114160683e-02,1.167033816565213322e-02,1.040441920501638390e-02,9.136016895657825959e-03,7.892631521317432577e-03,6.743278907783262742e-03,5.797673113925152014e-03,5.109443177116968632e-03,4.887540969255105110e-03,4.886447650673050522e-03,4.885355046547032801e-03,4.884263155849432117e-03,4.883171977570452058e-03,4.882081510701048212e-03,4.880991754232796333e-03,4.879902707158049330e-03,4.878814368469842726e-03,4.877726737161912872e-03,4.876639812228687407e-03,4.875553592665387605e-03,4.874468077467826281e-03,4.873383265632661929e-03,4.872299156157125499e-03,4.871215748039274540e-03,4.870133040277778956e-03,4.869051031872151727e-03,4.867969721822480028e-03,4.866889109129689771e-03
1.576399287838173985e-02,1.576040946480295260e-02,1.572092929011748019e-02,1.568133566034540100e-02,1.564163050572418487e-02,1.560181573266859224e-02,1.556189322348273951e-02,1.552186483613372282e-02,1.548173240408282254e-02,1.544149773616927505e-02,1.540116261654690503e-02,1.539749086741529216e-02,1.439352420293762459e-02,1.335211848945886022e-02,1.228884864820900015e-02,1.121752608525433854e-02,1.015430990026726377e-02,9.122293416793934503e-03,8.154869028225691235e-03,7.291253991865549039e-03,6.558323581910500272e-03,6.294476254215929795e-03,6.293143758644086962e-03,6.291811834152811513e-03,6.290480480438722863e-03,6.289149697204638595e-03,6.287819484152820312e-03,6.286489840984788892e-03,6.285160767401536119e-03,6.283832263103391116e-03,6.282504327790048096e-03,6.281176961160552484e-03,6.279850162913406739e-03,6.278523932746372591e-03,6.277198270356681813e-03,6.275873175440808971e-03,6.274548647694729031e-03,6.273224686813637201e-03,6.271901292492248169e-03,6.270578464424474315e-03,6.269256202303731887e-03
3.142902361933538891e-01,3.142201715095989667e-01,3.134481948035177101e-01,3.126739246876809042e-01,3.118973982579355542e-01,3.111186521567958496e-01,3.103377225677367290e-01,3.095546452106311963e-01,3.087694553383120710e-01,3.079821877341677450e-01,3.071928767107494074e-01,3.071210210098608839e-01,2.874492303057700759e-01,2.669926034631864842e-01,2.460524414124783954e-01,2.248982366457137339e-01,2.038488519830940759e-01,1.833643095435492087e-01,1.641144073498209122e-01,1.468911843143453355e-01,1.322453285519261668e-01,1.269664626863628298e-01,1.269397943244438831e-01,1.269131373041063604e-01,1.268864916193462034e-01,1.268598572643283851e-01,1.268332342332052776e-01,1.268066225201169850e-01,1.267800221191905941e-01,1.267534330245402296e-01,1.267268552302680540e-01,1.267002887304629621e-01,1.266737335192015812e-01,1.266471895905465495e-01,1.266206569385500136e-01,1.265941355572492988e-01,1.265676254406691015e-01,1.265411265828219611e-01,1.265146389777072611e-01,1.264881626193113950e-01,1.264616975016078781e-01
0.000000000000000000e+00,3.057723831241879246e-33,-2.119425828293368971e-13,-2.119425828944710594e-13,-2.119425828984767815e-13,-2.119425829755753258e-13,-2.119425829755759064e-13,-2.119425825501037646e-13,-2.119425825501037646e-13,-2.119425825501037646e-13,-2.119425826509643140e-13,-2.119425824058388007e-13,-2.119425782599812474e-13,-2.119425782599812474e-13,-2.119425802574167927e-13,-2.119425701718908302e-13,-2.119427897447604253e-13,-2.119427897197392972e-13,-2.119427860517672936e-13,-2.119427857967696594e-13,-2.119427847900406698e-13,-2.119427853628444880e-13,-2.119427880801492338e-13,-2.119427879557515489e-13,-2.119427879291153385e-13,-2.119427892848847845e-13,-2.119428088998714343e-13,-2.119428075095360976e-13,-2.119428067378577946e-13,-2.119428066939363923e-13,-2.119428067344083899e-13,-2.119428063981640904e-13,-2.119428063992525923e-13,-2.119428063992525923e-13,-2.119428064048872301e-13,-2.119428064141695355e-13,-2.119428063747329021e-13,-2.119428052449478211e-13,-2.119428048235140665e-13,-2.119428046110085449e-13,-2.119428041900732746e-13
4.489860517047925687e-02,4.490047353516275069e-02,4.492105595574642785e-02,4.494169351622147313e-02,4.496238534941109088e-02,4.498313059874440439e-02,4.500392841839967462e-02,4.502477797341383065e-02,4.504567843976527153e-02,4.506662900443228481e-02,4.508762886542771325e-02,4.508954036072404525e-02,4.561162640562134440e-02,4.615296654862109660e-02,4.670653578014547641e-02,4.726604825689219302e-02,4.782402919421477328e-02,4.836961225426684302e-02,4.888685651369453072e-02,4.935676530293488934e-02,4.976594651278397341e-02,4.991670196656592534e-02,4.991746898611948424e-02,4.991823573676623660e-02,4.991900221864686155e-02,4.991976843189834673e-02,4.992053437665801979e-02,4.992130005306356921e-02,4.992206546125291938e-02,4.992283060136434164e-02,4.992359547353638488e-02,4.992436007790793107e-02,4.992512441461816053e-02,4.992588848380656585e-02,4.992665228561290330e-02,4.992741582017731772e-02,4.992817908764023149e-02,4.992894208814236540e-02,4.992970482182475939e-02,4.993046728882875873e-02,4.993122948929603483e-02
1.496620172349308678e-02,1.496694062160259034e-02,1.497508108479097926e-02,1.498324437710559648e-02,1.499143015521264312e-02,1.499963807993449916e-02,1.500786781630806047e-02,1.501611903362994743e-02,1.502439140549104157e-02,1.503268460980127126e-02,1.504099832880484607e-02,1.504175512783318888e-02,1.524875213390974524e-02,1.546394838685972474e-02,1.568454385408697346e-02,1.590801258430653634e-02,1.613132042392081619e-02,1.635002094678115678e-02,1.655755430872956485e-02,1.674606019756885722e-02,1.690993420173724643e-02,1.697018813123728209e-02,1.697049447556850388e-02,1.697080071016324535e-02,1.697110683507945667e-02,1.697141285037247552e-02,1.697171875609777836e-02,1.697202455231098042e-02,1.697233023906778715e-02,1.697263581642407398e-02,1.697294128443581698e-02,1.697324664315912751e-02,1.697355189265024183e-02,1.697385703296553153e-02,1.697416206416147225e-02,1.697446698629469578e-02,1.697477179942195880e-02,1.697507650360014289e-02,1.697538109888623720e-02,1.697568558533739738e-02,1.697598996301087973e-02
1.182329936155954053e+00,1.182384949968333654e+00,1.182991015207277563e+00,1.183598736688219022e+00,1.184208088613541765e+00,1.184819045497082612e+00,1.185431582168414710e+00,1.186045673776147336e+00,1.186661295790430115e+00,1.187278424004735600e+00,1.187897034536931073e+00,1.187953344544703249e+00,1.203341451688922925e+00,1.219310494549889157e+00,1.235649397424561924e+00,1.252168073558455275e+00,1.268640075248838039e+00,1.284737242798905887e+00,1.299980441963895617e+00,1.313801430417977478e+00,1.325802238562042934e+00,1.330212888917253977e+00,1.330235312457410668e+00,1.330257727957075531e+00,1.330280135420508492e+00,1.330302534851824481e+00,1.330324926255147977e+00,1.330347309634613451e+00,1.330369684994362700e+00,1.330392052338548181e+00,1.330414411671330344e+00,1.330436762996879629e+00,1.330459106319375140e+00,1.330481441643004858e+00,1.330503768971966094e+00,1.330526088310465704e+00,1.330548399662720094e+00,1.330570703032953883e+00,1.330592998425401019e+00,1.330615285844305884e+00,1.330637565293920632e+00
8.775093086355112426e-01,6.981826057028802657e-01,6.623065149563940324e-01,6.527507240896639473e-01,6.469230772687063480e-01,6.426834434847658040e-01,6.393294242172892217e-01,6.365415240395406737e-01,6.341471836375491833e-01,6.320425345226341474e-01,6.301601683700459589e-01,6.299983478444860507e-01,6.066880091162210054e-01,5.943350855937931110e-01,5.845442605550144055e-01,5.753453713820748661e-01,5.655451988281942066e-01,5.539416718110378168e-01,5.390519284937408395e-01,5.187624629744916893e-01,4.862287583529291135e-01,4.446728176558732426e-01,4.438712282969797807e-01,4.430269339234921278e-01,4.421348617241851464e-01,4.411889772970302714e-01,4.401820251488216540e-01,4.391051752537357689e-01,4.379475316887183056e-01,4.366954332509972447e-01,4.353314305243978777e-01,4.338327412922298731e-01,4.321688284384879730e-01,4.302974245018920119e-01,4.281576291315716820e-01,4.256570392416038073e-01,4.226454008811013630e-01,4.188532365523367496e-01,4.137185650040207108e-01,4.057066514849527183e-01,3.861733137323193343e-01
3.330000000000000000e+02,3.330000000000000000e+02,3.330000000000000000e+02,3.330000000000000000e+02,3.330000000000000000e+02,3.330000000000000000e+02,3.330000000000000000e+02,3.330000000000000000e+02,3.330000000000000000e+02,3.330000000000000000e+02,3.330000000000000000e+02,3.330000000000000000e+02,3.330000000000000000e+02,3.330000000000000000e+02,3.330000000000000000e+02,3.330000000000000000e+02,3.330000000000000000e+02,3.330000000000000000e+02,3.330000000000000000e+02,3.330000000000000000e+02,3.330000000000000000e+02,3.330000000000000000e+02,3.330000000000000000e+02,3.330000000000000000e+02,3.330000000000000000e+02,3.330000000000000000e+02,3.330000000000000000e+02,3.330000000000000000e+02,3.330000000000000000e+02,3.330000000000000000e+02,3.330000000000000000e+02,3.330000000000000000e+02,3.330000000000000000e+02,3.330000000000000000e+02,3.330000000000000000e+02,3.330000000000000000e+02,3.330000000000000000e+02,3.330000000000000000e+02,3.330000000000000000e+02,3.330000000000000000e+02,3.330000000000000000e+02
1.576399287838178495e-02,1.575752454586670792e-02,1.568591190998661414e-02,1.561345970772790200e-02,1.554017609998628070e-02,1.546606947453262222e-02,1.539114843413985634e-02,1.531542178506418300e-02,1.523889852589081079e-02,1.516158783674886879e-02,1.508349906890239268e-02,1.507636183512621290e-02,1.297203458062247579e-02,1.057033405803217696e-02,8.036520198789693162e-03,5.551578827208818526e-03,3.329757541428393034e-03,1.613827170315614229e-03,5.733142118924901059e-04,1.312405581596494375e-04,1.241418928302297308e-05,6.590689916548376022e-07,6.231287795291458363e-07,5.873975292793288232e-07,5.518743941023072158e-07,5.165585340375277853e-07,4.814491117047450881e-07,4.465452922993167272e-07,4.118462435861252552e-07,3.773511358947939210e-07,3.430591421146084949e-07,3.089694376845639439e-07,2.750812006050157927e-07,2.413936113931775957e-07,2.079058531437045444e-07,1.746171114516768650e-07,1.415265744409530543e-07,1.086334327702248560e-07,7.593687960881429926e-08,4.343611063664408607e-08,1.113032404031503452e-08
1.576399287838178495e-02,1.575829190678342331e-02,1.569522605826143349e-02,1.563151351706747877e-02,1.556716077704102703e-02,1.550217449229537858e-02,1.543656146843269336e-02,1.537032865403489997e-02,1.530348313243745997e-02,1.523603211378794960e-02,1.516798292739405564e-02,1.516176723283625856e-02,1.334993979622432249e-02,1.130958216624208812e-02,9.166102444571812280e-03,7.056061109771106024e-03,5.141157114674323354e-03,3.605980645639096822e-03,2.584129918459218082e-03,2.029633988704883894e-03,1.747493877608789379e-03,1.668743913177291472e-03,1.668363451040772187e-03,1.667983294505247282e-03,1.667603442866368068e-03,1.667223895427548093e-03,1.666844651493898334e-03,1.666465710372268391e-03,1.666087071371248444e-03,1.665708733801137811e-03,1.665330696973921091e-03,1.664952960203326931e-03,1.664575522804790297e-03,1.664198384095417127e-03,1.663821543394047864e-03,1.663445000021203466e-03,1.663068753299052878e-03,1.662692802551514514e-03,1.662317147104146534e-03,1.661941786284183058e-03,1.661566719420556285e-03
1.576399287838178495e-02,1.575900347877203650e-02,1.570386304623644022e-02,1.564825477236727810e-02,1.559218360514666099e-02,1.553565459107126775e-02,1.547867286923098815e-02,1.542124366559073645e-02,1.536337228747934602e-02,1.530506411828509543e-02,1.524632461236026179e-02,1.524096345897067717e-02,1.370037042139146850e-02,1.199508521308694474e-02,1.021356142694315912e-02,8.451164021996217940e-03,6.820863714831043242e-03,5.453299917681174100e-03,4.448754634013550070e-03,3.790009789868915065e-03,3.356429226454082232e-03,3.215555099279543937e-03,3.214855162767247566e-03,3.214155621467873914e-03,3.213456474810472141e-03,3.212757722231407605e-03,3.212059363167921698e-03,3.211361397058220754e-03,3.210663823341481683e-03,3.209966641457797330e-03,3.209269850848134407e-03,3.208573450954457958e-03,3.207877441219645492e-03,3.207181821087461832e-03,3.206486590002623292e-03,3.205791747410768194e-03,3.205097292758364927e-03,3.204403225492902761e-03,3.203709545062703203e-03,3.203016250916991981e-03,3.202323342505940685e-03
1.576399287838178495e-02,1.575966513180736966e-02,1.571189412306523911e-02,1.566382157735905431e-02,1.561545100526019227e-02,1.556678595842792868e-02,1.551783002635083279e-02,1.546858683322365098e-02,1.541906003496089708e-02,1.536925331634430257e-02,1.531917038830460376e-02,1.531460382740433904e-02,1.402621726545632760e-02,1.263249812271691891e-02,1.118753795519406881e-02,9.748396194205538254e-03,8.382733755027788405e-03,7.171024087730503219e-03,6.182570217736902372e-03,5.426889839675775803e-03,4.852492835265584913e-03,4.653852745540438401e-03,4.652855746757809247e-03,4.651859226513479356e-03,4.650863184360538860e-03,4.649867619858975148e-03,4.648872532568894440e-03,4.647877922050643214e-03,4.646883787864822951e-03,4.645890129572215546e-03,4.644896946733722588e-03,4.643904238910547509e-03,4.642912005664070682e-03,4.641920246555829473e-03,4.640928961147586761e-03,4.639938149001319664e-03,4.638947809679076426e-03,4.637957942743248761e-03,4.636968547756309920e-03,4.635979624280917033e-03,4.634991171879977896e-03
1.576399287838178495e-02,1.576028194034446647e-02,1.571938088196390276e-02,1.567833331946791656e-02,1.563714142343974878e-02,1.559580735201606533e-02,1.555433325011059374e-02,1.551272124871021924e-02,1.547097346424215238e-02,1.542909199800710819e-02,1.538707893567721301e-02,1.538325311260290047e-02,1.432997936503641045e-02,1.322670944394153253e-02,1.209550180554925559e-02,1.095770656639591563e-02,9.838745778231414510e-03,8.772327000118939483e-03,7.798873924798862926e-03,6.952827959828664431e-03,6.247158553824704030e-03,5.994667673802647756e-03,5.993393746577786209e-03,5.992120375569073322e-03,5.990847560445261913e-03,5.989575300881583991e-03,5.988303596552680026e-03,5.987032447132759408e-03,5.985761852295619530e-03,5.984491811714552113e-03,5.983222325062262544e-03,5.981953392011111863e-03,5.980685012232953707e-03,5.979417185399112621e-03,5.978149911180466458e-03,5.976883189247446382e-03,5.975617019269847778e-03,5.974351400917176334e-03,5.973086333858316707e-03,5.971821817761675637e-03,5.970557852295251336e-03
3.142902361933538891e-01,3.142176780766610666e-01,3.134179164406439844e-01,3.126152095847283818e-01,3.118095990866606715e-01,3.110011262939890164e-01,3.101898323094853249e-01,3.093757579773998567e-01,3.085589438710812926e-01,3.077394302818777794e-01,3.069172572093083473e-01,3.068423837019188527e-01,2.862024981933594114e-01,2.645256278166877584e-01,2.422387607911216656e-01,2.197594609899020668e-01,1.975907399697095501e-01,1.764059546265786260e-01,1.570191918939342623e-01,1.401318541701151998e-01,1.260193995443480153e-01,1.209639204132972046e-01,1.209384052827718603e-01,1.209129012120151725e-01,1.208874081945198881e-01,1.208619262238848635e-01,1.208364552936994490e-01,1.208109953975435719e-01,1.207855465289872920e-01,1.207601086815907193e-01,1.207346818489049706e-01,1.207092660244708932e-01,1.206838612018199947e-01,1.206584673744730829e-01,1.206330845359430137e-01,1.206077126797311660e-01,1.205823517993291488e-01,1.205570018882193423e-01,1.205316629398740652e-01,1.205063349477555473e-01,1.204810179053160818e-01
0.000000000000000000e+00,3.498337719366453121e-33,-2.876707969436590611e-12,-2.876707969435116388e-12,-2.876707969431566943e-12,-2.876707969669357943e-12,-2.876707969664484928e-12,-2.876707969664484928e-12,-2.876707969683763325e-12,-2.876707969689396878e-12,-2.876707969685458480e-12,-2.876707969371993783e-12,-2.876707968397682458e-12,-2.876707968383893421e-12,-2.876707968379028485e-12,-2.876707969602141036e-12,-2.876707969079222737e-12,-2.876707969079252221e-12,-2.876707969157600927e-12,-2.876707978272093667e-12,-2.876707978693912562e-12,-2.876707978805183703e-12,-2.876707978805183703e-12,-2.876707978805184107e-12,-2.876707978805186934e-12,-2.876707978805186530e-12,-2.876707978784579312e-12,-2.876707978784719868e-12,-2.876707978784719868e-12,-2.876707978784719868e-12,-2.876707978784719868e-12,-2.876707978784663727e-12,-2.876707978784630607e-12,-2.876707978773085621e-12,-2.876707978773085621e-12,-2.876707978779126302e-12,-2.876707978780485414e-12,-2.876707978780954338e-12,-2.876707978781583206e-12,-2.876707978785009058e-12,-2.876707978784713002e-12
4.489860517047927074e-02,4.490053239242098454e-02,4.492177070410491302e-02,4.494307959860368434e-02,4.496445810535434906e-02,4.498590525904277299e-02,4.500742010004483984e-02,4.502900167475154536e-02,4.505064903586180475e-02,4.507236124264513838e-02,4.509413736117456883e-02,4.509612014540039654e-02,4.564109994819924576e-02,4.621136003740387854e-02,4.679693116836196320e-02,4.738804156259128486e-02,4.797285378517061188e-02,4.853540855522885111e-02,4.905626597335997763e-02,4.951850299122089599e-02,4.991523796300878502e-02,5.006075932536144246e-02,5.006149930572979800e-02,5.006223902363706596e-02,5.006297847923476402e-02,5.006371767267361883e-02,5.006445660410459297e-02,5.006519527367891270e-02,5.006593368154799162e-02,5.006667182786357639e-02,5.006740971277750391e-02,5.006814733644197879e-02,5.006888469900934446e-02,5.006962180063229823e-02,5.007035864146361370e-02,5.007109522165643228e-02,5.007183154136411740e-02,5.007256760074023372e-02,5.007330339993857488e-02,5.007403893911326065e-02,5.007477421841856347e-02
1.496620172349309025e-02,1.496696429824604345e-02,1.497536863428884993e-02,1.498380206081167260e-02,1.499226419478237593e-02,1.500075465516390386e-02,1.500927306308588380e-02,1.501781904197534157e-02,1.502639221767455673e-02,1.503499221854687901e-02,1.504361867557060285e-02,1.504440419812978422e-02,1.526064574048101481e-02,1.548756827609310514e-02,1.572119651798373555e-02,1.595759609902154888e-02,1.619195136024962831e-02,1.641771685572817469e-02,1.662686647882701679e-02,1.681235070118676511e-02,1.697121318189426936e-02,1.702934943183045252e-02,1.702964482631662627e-02,1.702994011358302875e-02,1.703023529369209269e-02,1.703053036670489767e-02,1.703082533268261353e-02,1.703112019168652805e-02,1.703141494377800186e-02,1.703170958901852744e-02,1.703200412746964931e-02,1.703229855919304037e-02,1.703259288425047063e-02,1.703288710270381423e-02,1.703318121461500426e-02,1.703347522004612299e-02,1.703376911905932906e-02,1.703406291171688167e-02,1.703435659808114067e-02,1.703465017821456651e-02,1.703494365217972373e-02
1.182329936155954275e+00,1.182386703032469510e+00,1.183012304571626983e+00,1.183640023399713970e+00,1.184269830671117241e+00,1.184901697691461253e+00,1.185535595930465869e+00,1.186171497031634825e+00,1.186809372820987418e+00,1.187449195314891126e+00,1.188090936727013380e+00,1.188149371053454084e+00,1.204220053701942961e+00,1.221052012084760996e+00,1.238346130286755331e+00,1.255807711875310817e+00,1.273079311183932472e+00,1.289680171659869146e+00,1.305026911402076939e+00,1.318614158086663712e+00,1.330239140931055219e+00,1.334491976765572963e+00,1.334513585195369556e+00,1.334535185780259425e+00,1.334556778524810028e+00,1.334578363433544412e+00,1.334599940510992511e+00,1.334621509761692248e+00,1.334643071190186880e+00,1.334664624801029653e+00,1.334686170598776256e+00,1.334707708587993036e+00,1.334729238773251669e+00,1.334750761159132715e+00,1.334772275750219839e+00,1.334793782551107588e+00,1.334815281566396727e+00,1.334836772800693794e+00,1.334858256258613762e+00,1.334879731944778047e+00,1.334901199863815835e+00
3.330000000000000000e+02,3.330000000000000000e+02,3.330000000000000000e+02,3.330000000000000000e+02,3.330000000000000000e+02,3.330000000000000000e+02,3.330000000000000000e+02,3.330000000000000000e+02,3.330000000000000000e+02,3.330000000000000000e+02,3.330000000000000000e+02,3.330000000000000000e+02,3.330000000000000000e+02,3.330000000000000000e+02,3.330000000000000000e+02,3.330000000000000000e+02,3.330000000000000000e+02,3.330000000000000000e+02,3.330000000000000000e+02,3.330000000000000000e+02,3.330000000000000000e+02,3.330000000000000000e+02,3.330000000000000000e+02,3.330000000000000000e+02,3.330000000000000000e+02,3.330000000000000000e+02,3.330000000000000000e+02,3.330000000000000000e+02,3.330000000000000000e+02,3.330000000000000000e+02,3.330000000000000000e+02,3.330000000000000000e+02,3.330000000000000000e+02,3.330000000000000000e+02,3.330000000000000000e+02,3.330000000000000000e+02,3.330000000000000000e+02,3.330000000000000000e+02,3.330000000000000000e+02,3.330000000000000000e+02,3.330000000000000000e+02
3.142902361933548883e-01,3.142767632173577574e-01,3.141285521735788233e-01,3.139803258972387878e-01,3.138320843860878950e-01,3.136838276378752788e-01,3.135355556503497398e-01,3.133872684212600235e-01,3.132389659483544309e-01,3.130906482293807636e-01,3.129423152620871007e-01,3.129288296906856948e-01,3.093296758985751849e-01,3.057215346506227949e-01,3.021043737381392535e-01,2.984781608530207575e-01,2.948428635903049821e-01,2.911984494509985977e-01,2.875448858451138401e-01,2.838821400950203300e-01,2.802101794390575162e-01,2.786921705837270835e-01,2.786841768932710184e-01,2.786761831589878446e-01,2.786681893810145638e-01,2.786601955593509539e-01,2.786522016939968482e-01,2.786442077849515253e-01,2.786362138322149851e-01,2.786282198357866169e-01,2.786202257956663098e-01,2.786122317118535641e-01,2.786042375843481578e-01,2.785962434131497023e-01,2.785882491982579201e-01,2.785802549396722561e-01,2.785722606373927102e-01,2.785642662914186163e-01,2.785562719017499189e-01,2.785482774683861185e-01,2.785402829913269929e-01
0.000000000000000000e+00,-1.085359741502934283e-33,-1.801040956952327400e-15,-1.801040956741411632e-15,-1.801040956705826906e-15,-1.801040957029291826e-15,-1.801040957005535279e-15,-1.801040956816146737e-15,-1.801040956835153157e-15,-1.801040956728987862e-15,-1.801040956728987862e-15,-1.801040957641438027e-15,-1.801040953981916627e-15,-1.801040958681611873e-15,-1.801040821457176000e-15,-1.801041006319550110e-15,-1.801041006319574565e-15,-1.801040997678350005e-15,-1.801041355653794042e-15,-1.801041790630003891e-15,-1.801041709122249718e-15,-1.801042188407561768e-15,-1.801042188407561768e-15,-1.801042189294614162e-15,-1.801042159909612496e-15,-1.801042159149833342e-15,-1.801042159149833342e-15,-1.801042159149833342e-15,-1.801042159109788001e-15,-1.801042159109788001e-15,-1.801042159109788001e-15,-1.801042162005102372e-15,-1.801042162352884719e-15,-1.801042159218089532e-15,-1.801042161256758546e-15,-1.801042146324761120e-15,-1.801042146044953735e-15,-1.801042151000393348e-15,-1.801042150614013221e-15,-1.801042148943303642e-15,-1.801042147852161888e-15
4.489860517047922217e-02,4.489898386071267816e-02,4.490314967430990289e-02,4.490731589318598671e-02,4.491148251742523717e-02,4.491564954711197571e-02,4.491981698233058623e-02,4.492398482316553587e-02,4.492815306970134731e-02,4.493232172202259872e-02,4.493649078021397236e-02,4.493686980563282168e-02,4.503802097759557893e-02,4.513941175302654124e-02,4.524104337448261320e-02,4.534291711018422627e-02,4.544503425530054680e-02,4.554739613331990067e-02,4.565000409751503868e-02,4.575285953250805143e-02,4.585596385594573748e-02,4.589858500431129307e-02,4.589880943910469580e-02,4.589903387508557919e-02,4.589925831225029340e-02,4.589948275059888005e-02,4.589970719013137385e-02,4.589993163084774008e-02,4.590015607274803427e-02,4.590038051583224255e-02,4.590060496010039959e-02,4.590082940555250540e-02,4.590105385218859468e-02,4.590127830000867437e-02,4.590150274901275834e-02,4.590172719920083966e-02,4.590195165057298077e-02,4.590217610312914698e-02,4.590240055686940074e-02,4.590262501179373511e-02,4.590284946790216397e-02
1.496620172349307117e-02,1.496635047008478513e-02,1.496798678456002542e-02,1.496962328600283387e-02,1.497125997445505202e-02,1.497289684995852660e-02,1.497453391255514250e-02,1.497617116228680545e-02,1.497780859919546105e-02,1.497944622332306880e-02,1.498108403471163329e-02,1.498123293594317250e-02,1.502097868668194128e-02,1.506083502935314303e-02,1.510080257814247137e-02,1.514088195841313718e-02,1.518107380722911841e-02,1.522137877391268462e-02,1.526179752064012012e-02,1.530233072307745495e-02,1.534297907106068129e-02,1.535978723182885447e-02,1.535987574811151744e-02,1.535996426494360724e-02,1.536005278232360251e-02,1.536014130025152406e-02,1.536022981872737884e-02,1.536031833775116165e-02,1.536040685732289676e-02,1.536049537744257724e-02,1.536058389811021350e-02,1.536067241932581595e-02,1.536076094108939326e-02,1.536084946340094889e-02,1.536093798626049847e-02,1.536102650966803158e-02,1.536111503362357598e-02,1.536120355812712300e-02,1.536129208317869171e-02,1.536138060877828386e-02,1.536146913492591332e-02
1.182329936155952943e+00,1.182341035730336776e+00,1.182463137906410333e+00,1.182585252656477959e+00,1.182707379982350870e+00,1.182829519885838065e+00,1.182951672368750318e+00,1.183073837432897513e+00,1.183196015080090424e+00,1.183318205312138494e+00,1.183440408130853161e+00,1.183451518102203837e+00,1.186416656909701883e+00,1.189389213629358455e+00,1.192369214093496499e+00,1.195356684173633610e+00,1.198351649775878158e+00,1.201354136835921071e+00,1.204364171313680787e+00,1.207381779187478354e+00,1.210406986447790656e+00,1.211657625818420847e+00,1.211664211569341898e+00,1.211670797356395823e+00,1.211677383179472489e+00,1.211683969038572561e+00,1.211690554933696928e+00,1.211697140864844480e+00,1.211703726832016770e+00,1.211710312835213132e+00,1.211716898874434456e+00,1.211723484949680518e+00,1.211730071060951985e+00,1.211736657208248857e+00,1.211743243391571800e+00,1.211749829610920148e+00,1.211756415866295455e+00,1.211763002157696834e+00,1.211769588485125615e+00,1.211776174848581134e+00,1.211782761248064499e+00
3.330000000000000000e+02,3.330000000000000000e+02,3.330000000000000000e+02,3.330000000000000000e+02,3.330000000000000000e+02,3.330000000000000000e+02,3.330000000000000000e+02,3.330000000000000000e+02,3.330000000000000000e+02,3.330000000000000000e+02,3.330000000000000000e+02,3.330000000000000000e+02,3.330000000000000000e+02,3.330000000000000000e+02,3.330000000000000000e+02,3.330000000000000000e+02,3.330000000000000000e+02,3.330000000000000000e+02,3.330000000000000000e+02,3.330000000000000000e+02,3.330000000000000000e+02,3.330000000000000000e+02,3.330000000000000000e+02,3.330000000000000000e+02,3.330000000000000000e+02,3.330000000000000000e+02,3.330000000000000000e+02,3.330000000000000000e+02,3.330000000000000000e+02,3.330000000000000000e+02,3.330000000000000000e+02,3.330000000000000000e+02,3.330000000000000000e+02,3.330000000000000000e+02,3.330000000000000000e+02,3.330000000000000000e+02,3.330000000000000000e+02,3.330000000000000000e+02,3.330000000000000000e+02,3.330000000000000000e+02,3.330000000000000000e+02
3.142902361933523347e-01,3.142632901154910896e-01,3.139668500266888929e-01,3.136703490021101048e-01,3.133737870277446547e-01,3.130771640895438912e-01,3.127804801734554996e-01,3.124837352654234457e-01,3.121869293513869215e-01,3.118900624172837310e-01,3.115931344490459609e-01,3.115661379704153799e-01,3.043520516428589451e-01,2.971019157287596579e-01,2.898155280667298328e-01,2.824926852217642392e-01,2.751331824867963016e-01,2.677368138858940427e-01,2.603033721803584277e-01,2.528326488773853242e-01,2.453244342424011903e-01,2.422150271191362836e-01,2.421986448071322129e-01,2.421822623166216271e-01,2.421658796478379228e-01,2.421494968007791571e-01,2.421331137754429430e-01,2.421167305718272544e-01,2.421003471899298987e-01,2.420839636297485997e-01,2.420675798912813315e-01,2.420511959745257624e-01,2.420348118794798664e-01,2.420184276061413398e-01,2.420020431545081285e-01,2.419856585245780123e-01,2.419692737163486873e-01,2.419528887298181830e-01,2.419365035649843620e-01,2.419201182218448654e-01,2.419037327003975557e-01
0.000000000000000000e+00,-1.297221120974294020e-33,-1.764768198947575878e-13,-1.764768198945350912e-13,-1.764768198946077168e-13,-1.764768198946179910e-13,-1.764768198946232921e-13,-1.764768198946063789e-13,-1.764768198943817113e-13,-1.764768198950691184e-13,-1.764768198950691184e-13,-1.764768198950691184e-13,-1.764768198920210356e-13,-1.764768198912815763e-13,-1.764768198851804882e-13,-1.764768198856251786e-13,-1.764768198855967039e-13,-1.764768198855462673e-13,-1.764768198849332024e-13,-1.764768198864052800e-13,-1.764768198858226841e-13,-1.764768198865962474e-13,-1.764768198865891035e-13,-1.764768198869313808e-13,-1.764768198870437146e-13,-1.764768198870526003e-13,-1.764768198869811863e-13,-1.764768198869759609e-13,-1.764768198869759609e-13,-1.764768198869373635e-13,-1.764768198869369849e-13,-1.764768198869312041e-13,-1.764768198869250447e-13,-1.764768198869181279e-13,-1.764768198869181279e-13,-1.764768198867693425e-13,-1.764768198867688376e-13,-1.764768198867696201e-13,-1.764768198867817875e-13,-1.764768198867823934e-13,-1.764768198866732403e-13
4.489860517047929156e-02,4.489936255429483047e-02,4.490769466043040281e-02,4.491602838789002239e-02,4.492436373721196002e-02,4.493270070893010809e-02,4.494103930357908755e-02,4.494937952169428957e-02,4.495772136381174372e-02,4.496606483046826364e-02,4.497440992220141237e-02,4.497516864750533694e-02,4.517789147083058066e-02,4.538157671341030291e-02,4.558623245373340238e-02,4.579186707577492105e-02,4.599848929867784986e-02,4.620610821048553446e-02,4.641473330658591606e-02,4.662437453371014173e-02,4.683504234046270004e-02,4.692228082684309770e-02,4.692274044560387075e-02,4.692320006928819842e-02,4.692365969788948876e-02,4.692411933140789443e-02,4.692457896984347787e-02,4.692503861319641256e-02,4.692549826146678871e-02,4.692595791465471733e-02,4.692641757276035802e-02,4.692687723578377323e-02,4.692733690372512950e-02,4.692779657658451009e-02,4.692825625436204684e-02,4.692871593705787853e-02,4.692917562467209536e-02,4.692963531720482917e-02,4.693009501465619793e-02,4.693055471702632653e-02,4.693101442431532599e-02
1.496620172349309892e-02,1.496649921822132585e-02,1.496977206811998980e-02,1.497304566599148845e-02,1.497632001210049899e-02,1.497959510671031599e-02,1.498287095008453765e-02,1.498614754248709345e-02,1.498942488418221301e-02,1.499270297543443126e-02,1.499598181650862831e-02,1.499627993016033889e-02,1.507596547517235652e-02,1.515609533235609541e-02,1.523667345506524856e-02,1.531770392710211579e-02,1.539919097473746792e-02,1.548113898035822535e-02,1.556355249800681247e-02,1.564643627115127125e-02,1.572979525307729998e-02,1.576433488986807643e-02,1.576451689450638488e-02,1.576469890142389793e-02,1.576488091061807942e-02,1.576506292208898832e-02,1.576524493583667322e-02,1.576542695186119308e-02,1.576560897016260690e-02,1.576579099074095977e-02,1.576597301359632802e-02,1.576615503872873594e-02,1.576633706613827027e-02,1.576651909582496569e-02,1.576670112778888119e-02,1.576688316203008963e-02,1.576706519854861877e-02,1.576724723734454839e-02,1.576742927841792014e-02,1.576761132176879993e-02,1.576779336739723633e-02
1.182329936155954941e+00,1.182352135408621940e+00,1.182596354620400358e+00,1.182840624132434959e+00,1.183084943956141055e+00,1.183329314102802066e+00,1.183573734583703185e+00,1.183818205410132274e+00,1.184062726593377857e+00,1.184307298144730014e+00,1.184551920075481712e+00,1.184574160931365361e+00,1.190517462094346612e+00,1.196490514645123682e+00,1.202493480218432609e+00,1.208526520996398235e+00,1.214589799652469715e+00,1.220683479286465589e+00,1.226807723348402046e+00,1.232962695549859156e+00,1.239148559760101076e+00,1.241710335368562346e+00,1.241723832409306727e+00,1.241737329597067951e+00,1.241750826931654617e+00,1.241764324413068943e+00,1.241777822041311818e+00,1.241791319816385464e+00,1.241804817738291433e+00,1.241818315807031059e+00,1.241831814022607006e+00,1.241845312385019273e+00,1.241858810894271192e+00,1.241872309550363651e+00,1.241885808353297982e+00,1.241899307303077293e+00,1.241912806399701363e+00,1.241926305643173523e+00,1.241939805033494215e+00,1.241953304570666328e+00,1.241966804254690304e+00
3.330000000000000000e+02,3.330000000000000000e+02,3.330000000000000000e+02,3.330000000000000000e+02,3.330000000000000000e+02,3.330000000000000000e+02,3.330000000000000000e+02,3.330000000000000000e+02,3.330000000000000000e+02,3.330000000000000000e+02,3.330000000000000000e+02,3.330000000000000000e+02,3.330000000000000000e+02,3.330000000000000000e+02,3.330000000000000000e+02,3.330000000000000000e+02,3.330000000000000000e+02,3.330000000000000000e+02,3.330000000000000000e+02,3.330000000000000000e+02,3.330000000000000000e+02,3.330000000000000000e+02,3.330000000000000000e+02,3.330000000000000000e+02,3.330000000000000000e+02,3.330000000000000000e+02,3.330000000000000000e+02,3.330000000000000000e+02,3.330000000000000000e+02,3.330000000000000000e+02,3.330000000000000000e+02,3.330000000000000000e+02,3.330000000000000000e+02,3.330000000000000000e+02,3.330000000000000000e+02,3.330000000000000000e+02,3.330000000000000000e+02,3.330000000000000000e+02,3.330000000000000000e+02,3.330000000000000000e+02,3.330000000000000000e+02
3.142902361933562760e-01,3.142498168877533304e-01,3.138051297505170534e-01,3.133603054933253862e-01,3.129153440712441614e-01,3.124702454393215034e-01,3.120250095525871625e-01,3.115796363660538471e-01,3.111341258347137262e-01,3.106884779135455910e-01,3.102426925575085814e-01,3.102021597995412439e-01,2.993573037227675870e-01,2.884310713795351644e-01,2.774228121542770542e-01,2.663318690600859351e-01,2.551575785848487210e-01,2.438992705222012836e-01,2.325562677839668468e-01,2.211278861913002491e-01,2.096134342404838424e-01,2.048364911026104018e-01,2.048113101208079156e-01,2.047861287262635888e-01,2.047609469210100175e-01,2.047357647050400131e-01,2.047105820783462760e-01,2.046853990409215895e-01,2.046602155927587652e-01,2.046350317338504754e-01,2.046098474641895593e-01,2.045846627837686893e-01,2.045594776925807046e-01,2.045342921906184441e-01,2.045091062778744695e-01,2.044839199543417030e-01,2.044587332200128171e-01,2.044335460748805955e-01,2.044083585189379881e-01,2.043831705521773900e-01,2.043579821745917235e-01
0.000000000000000000e+00,-6.355731774799120398e-34,-1.106629850951092463e-14,-1.106629850952959223e-14,-1.106629851005825053e-14,-1.106629851024445483e-14,-1.106629851048027533e-14,-1.106629851035712626e-14,-1.106629851042302296e-14,-1.106629851041689036e-14,-1.106629851041689036e-14,-1.106629851041689036e-14,-1.106629851238959325e-14,-1.106629851212031558e-14,-1.106629851157781909e-14,-1.106629851084817639e-14,-1.106629851086604094e-14,-1.106629851086814562e-14,-1.106629851087096974e-14,-1.106629851087035758e-14,-1.106629851324818946e-14,-1.106629851336730903e-14,-1.106629851336733585e-14,-1.106629851343480555e-14,-1.106629851330379626e-14,-1.106629851330563431e-14,-1.106629851330568637e-14,-1.106629851331085499e-14,-1.106629851331110269e-14,-1.106629851331199726e-14,-1.106629851331199726e-14,-1.106629851331180793e-14,-1.106629851332220354e-14,-1.106629851332220354e-14,-1.106629851332220196e-14,-1.106629851331754769e-14,-1.106629851331754453e-14,-1.106629851331526945e-14,-1.106629851331564495e-14,-1.106629851331564495e-14,-1.106629851331642750e-14
4.489860517047919442e-02,4.489974125122571380e-02,4.491224012890469852e-02,4.492474265513174414e-02,4.493724883161989703e-02,4.494975866008509707e-02,4.496227214224671892e-02,4.497478927982752339e-02,4.498731007455366443e-02,4.499983452815462664e-02,4.501236264236342655e-02,4.501350174341469529e-02,4.531821898565685514e-02,4.562511234305243607e-02,4.593420855098238886e-02,4.624553589850517732e-02,4.655912445938455158e-02,4.687500637148662302e-02,4.719321617743836572e-02,4.751379124361344158e-02,4.783677228037567369e-02,4.797076912249209624e-02,4.797147547878670426e-02,4.797218184677645020e-02,4.797288822641939537e-02,4.797359461771603245e-02,4.797430102066688185e-02,4.797500743527241540e-02,4.797571386153316048e-02,4.797642029944961667e-02,4.797712674902227664e-02,4.797783321025163999e-02,4.797853968313822715e-02,4.797924616768253075e-02,4.797995266388505042e-02,4.798065917174632045e-02,4.798136569126678491e-02,4.798207222244697812e-02,4.798277876528742047e-02,4.798348531978858383e-02,4.798419188595098167e-02
1.496620172349305902e-02,1.496664796790271763e-02,1.497155757420678968e-02,1.497646886372717631e-02,1.498138183730735040e-02,1.498629649579205983e-02,1.499121284002752352e-02,1.499613087086141584e-02,1.500105058914288220e-02,1.500597199572247659e-02,1.501089509145227610e-02,1.501134272939853853e-02,1.513116323308738229e-02,1.525198863460589666e-02,1.537383194395550677e-02,1.549670682906474813e-02,1.562062770928556409e-02,1.574560986833997353e-02,1.587166959189324766e-02,1.599882433660184886e-02,1.612709293983654452e-02,1.618035520440685646e-02,1.618063604574332404e-02,1.618091689249890816e-02,1.618119774464773022e-02,1.618147860219001574e-02,1.618175946512600410e-02,1.618204033345590695e-02,1.618232120717995673e-02,1.618260208629838937e-02,1.618288297081142343e-02,1.618316386071929486e-02,1.618344475602222915e-02,1.618372565672045182e-02,1.618400656281419187e-02,1.618428747430368519e-02,1.618456839118914692e-02,1.618484931347081296e-02,1.618513024114891230e-02,1.618541117422367046e-02,1.618569211269531294e-02
1.182329936155952055e+00,1.182363235190809991e+00,1.182729586299191782e+00,1.183096050595106696e+00,1.183462628114647197e+00,1.183829318893901306e+00,1.184196122968969700e+00,1.184563040375960830e+00,1.184930071150994468e+00,1.185297215330194609e+00,1.185664472949698345e+00,1.185697865632405534e+00,1.194632399539095502e+00,1.203634085541459564e+00,1.212703442478914928e+00,1.221840991885739802e+00,1.231047257700056630e+00,1.240322765897052593e+00,1.249668044025642466e+00,1.259083620619580346e+00,1.268570024444384936e+00,1.272505566089961793e+00,1.272526311677335542e+00,1.272547057603999887e+00,1.272567803868313030e+00,1.272588550470280078e+00,1.272609297409906803e+00,1.272630044687198092e+00,1.272650792302159717e+00,1.272671540254797007e+00,1.272692288545115069e+00,1.272713037173119455e+00,1.272733786138816159e+00,1.272754535442209844e+00,1.272775285083305841e+00,1.272796035062110587e+00,1.272816785378628079e+00,1.272837536032864536e+00,1.272858287024825286e+00,1.272879038354515435e+00,1.272899790021940092e+00
