0.000000000000000000e+00,1.000000000000000021e-03,1.200000000000000025e-02,2.300000000000000308e-02,3.400000000000000244e-02,4.500000000000000527e-02,5.600000000000000810e-02,6.700000000000000400e-02,7.800000000000001377e-02,8.900000000000000966e-02,1.000000000000000056e-01,1.010000000000000064e-01,1.120000000000000023e-01,1.230000000000000121e-01,1.340000000000000080e-01,1.450000000000000178e-01,1.560000000000000275e-01,1.670000000000000095e-01,1.780000000000000193e-01,1.890000000000000013e-01,2.000000000000000111e-01,2.099999999999999922e-01,3.110526315789473584e-01,4.121052631578947523e-01,5.131578947368420351e-01,6.142105263157894290e-01,7.152631578947368229e-01,8.163157894736841058e-01,9.173684210526314997e-01,1.018421052631578894e+00,1.119473684210526399e+00,1.220526315789473681e+00,1.321578947368420964e+00,1.422631578947368247e+00,1.523684210526315752e+00,1.624736842105263035e+00,1.725789473684210540e+00,1.826842105263157823e+00,1.927894736842105106e+00,2.028947368421052833e+00,2.129999999999999893e+00
8.780292092437588236e-01,6.361562082112245387e-01,6.004781566946996163e-01,5.911181586551179645e-01,5.854841034472997308e-01,5.814359046605478420e-01,5.782712077780143289e-01,5.756705607769155852e-01,5.734614471571202188e-01,5.715400406333180916e-01,5.698389744929277523e-01,5.696935408825630764e-01,5.681806478326535403e-01,5.668062906522245425e-01,5.655466066684519122e-01,5.643833904088108033e-01,5.633024352654992795e-01,5.622924415290908584e-01,5.613442734417271041e-01,5.604504394090599195e-01,5.596047194727262752e-01,5.588732258379883744e-01,5.528911230895420248e-01,5.484559817046156249e-01,5.448520343175409231e-01,5.417508397486817673e-01,5.389712064259020163e-01,5.363995805276063900e-01,5.339569607300518328e-01,5.315827371176289340e-01,5.292255453537849652e-01,5.268371138087091232e-01,5.243670697355498067e-01,5.217572291799139617e-01,5.189336013599463726e-01,5.157928920176432230e-01,5.121760066289310354e-01,5.078073959035658280e-01,5.021253379122083693e-01,4.936220125592786223e-01,4.740720041990597600e-01
3.330000000000000000e+02,3.330000000000000000e+02,3.330000000000000000e+02,3.330000000000000000e+02,3.330000000000000000e+02,3.330000000000000000e+02,3.330000000000000000e+02,3.330000000000000000e+02,3.330000000000000000e+02,3.330000000000000000e+02,3.330000000000000000e+02,3.330000000000000000e+02,3.330000000000000000e+02,3.330000000000000000e+02,3.330000000000000000e+02,3.330000000000000000e+02,3.330000000000000000e+02,3.330000000000000000e+02,3.330000000000000000e+02,3.330000000000000000e+02,3.330000000000000000e+02,3.330000000000000000e+02,3.330000000000000000e+02,3.330000000000000000e+02,3.330000000000000000e+02,3.330000000000000000e+02,3.330000000000000000e+02,3.330000000000000000e+02,3.330000000000000000e+02,3.330000000000000000e+02,3.330000000000000000e+02,3.330000000000000000e+02,3.330000000000000000e+02,3.330000000000000000e+02,3.330000000000000000e+02,3.330000000000000000e+02,3.330000000000000000e+02,3.330000000000000000e+02,3.330000000000000000e+02,3.330000000000000000e+02,3.330000000000000000e+02
1.099804382985133423e-03,1.099355172926020719e-03,1.094422734246533425e-03,1.089506325751388822e-03,1.084605612611232346e-03,1.079720263143107289e-03,1.074849948731242772e-03,1.069994343653064015e-03,1.065153125477864317e-03,1.060325974034504078e-03,1.055512572288468337e-03,1.055075661226436822e-03,1.050276900608940233e-03,1.045491235160735458e-03,1.040718355780060949e-03,1.035957955806311379e-03,1.031209730944245614e-03,1.026473379188376630e-03,1.021748600747689716e-03,1.017035097970602452e-03,1.012332575270117035e-03,1.008066835708146735e-03,9.654069539144640539e-04,9.234074735528543772e-04,8.818565452790590826e-04,8.405457312096367272e-04,7.992648860002141099e-04,7.577966392776259866e-04,7.159102567202416849e-04,6.733546157528198578e-04,6.298499845325540407e-04,5.850782411723104729e-04,5.386711184165177005e-04,4.901960145009537492e-04,4.391388844291265565e-04,3.848837316997786012e-04,3.266882795891109235e-04,2.636555503402575329e-04,1.947013999395098458e-04,1.185187277497408334e-04,3.354050789309284485e-05
1.099804382985133423e-03,1.099425692355524703e-03,1.095266663560904696e-03,1.091119499939494086e-03,1.086983950256435738e-03,1.082859765637185848e-03,1.078746699508075380e-03,1.074644507442155169e-03,1.070552947576624159e-03,1.066471779601605102e-03,1.062400765654968483e-03,1.062031168813531469e-03,1.057970962957909900e-03,1.053920420006114597e-03,1.049879308023167392e-03,1.045847396905345318e-03,1.041824458323336753e-03,1.037810265665509678e-03,1.033804593981439484e-03,1.029807219925621105e-03,1.025817921701316880e-03,1.022198109497456011e-03,9.859464523236931722e-04,9.501765604993175907e-04,9.147294671202235543e-04,8.794487642935886092e-04,8.441767630717122387e-04,8.087503543327718980e-04,7.729964035420560774e-04,7.367264813226899771e-04,6.997306962906707072e-04,6.617703578016457351e-04,6.225691574503492082e-04,5.818025247927579397e-04,5.390847928827186865e-04,4.939538135670519352e-04,4.458527067949558955e-04,3.941085401599927996e-04,3.379079744421217488e-04,2.762704147253897276e-04,2.080202776261836294e-04
1.099804382985133423e-03,1.099496244765002474e-03,1.096110987557517282e-03,1.092733428564249005e-03,1.089363400183932093e-03,1.086000736389162481e-03,1.082645272686743113e-03,1.079296845983366898e-03,1.075955295021823778e-03,1.072620459390842464e-03,1.069292180437706992e-03,1.068989929297851568e-03,1.065668623605602137e-03,1.062353546946539096e-03,1.059044544588555112e-03,1.055741463020613835e-03,1.052444149914860509e-03,1.049152454088777241e-03,1.045866225467530610e-03,1.042585315046443747e-03,1.039309574853548640e-03,1.036335992090037282e-03,1.006495556484414584e-03,9.769581666023716485e-04,9.476177627116004649e-04,9.183699912428750422e-04,8.891096441775642786e-04,8.597278990216640970e-04,8.301092479651991452e-04,8.001279841495241140e-04,7.696440893118773304e-04,7.384983411984686512e-04,7.065064332609310126e-04,6.734518768986806625e-04,6.390774432547423117e-04,6.030749044746036049e-04,5.650728638853211479e-04,5.246225392106575484e-04,4.811815226721011425e-04,4.340958777725071422e-04,3.825816466892620923e-04
1.099804382985133423e-03,1.099566828787523374e-03,1.096955689877860719e-03,1.094348080356296249e-03,1.091743916292630366e-03,1.089143114543721395e-03,1.086545592733621475e-03,1.083951269139110402e-03,1.081360063144687789e-03,1.078771894273487146e-03,1.076186683117699586e-03,1.075951807855610436e-03,1.073369733412273420e-03,1.070790452592837406e-03,1.068213887902660399e-03,1.065639962457710921e-03,1.063068599965646521e-03,1.060499724706860832e-03,1.057933261515662474e-03,1.055369135761513371e-03,1.052807273330294167e-03,1.050480209568880382e-03,1.027053868264225485e-03,1.003751772976857210e-03,9.805207948528503383e-04,9.573086579710174361e-04,9.340626587573908025e-04,9.107282856704757446e-04,8.872476834463492897e-04,8.635578958492302329e-04,8.395888090462664492e-04,8.152607047823354084e-04,7.904813195900559130e-04,7.651422951414723651e-04,7.391148982191796156e-04,7.122448902357635852e-04,6.843464410073192691e-04,6.551950188247436481e-04,6.245192687497044858e-04,5.919920590725962677e-04,5.572212330109383403e-04
1.099804382985133423e-03,1.099637443139411981e-03,1.097800755159772726e-03,1.095963425950802553e-03,1.094125455289321697e-03,1.092286842952064092e-03,1.090447588715617519e-03,1.088607692261809191e-03,1.086767153651507301e-03,1.084925972376590310e-03,1.083084148308209030e-03,1.082916677874740888e-03,1.081074152321841999e-03,1.079230983507392097e-03,1.077387171207401951e-03,1.075542715197772177e-03,1.073697615254343542e-03,1.071851871152847526e-03,1.070005482668922366e-03,1.068158449578126721e-03,1.066310771655926007e-03,1.064630504700453525e-03,1.047621013779794462e-03,1.030556892341380655e-03,1.013437965153628304e-03,9.962640563207212675e-04,9.790349892740790420e-04,9.617505867616809494e-04,9.444106708384766933e-04,9.270150628549705778e-04,9.095635834455722971e-04,8.920560525160349356e-04,8.744922892301101739e-04,8.568721119951503004e-04,8.391953384468288759e-04,8.214617854327389227e-04,8.036712689943923500e-04,7.858236043484256340e-04,7.679186058658397322e-04,7.499560870498702151e-04,7.319358605118204009e-04
3.142902361933546662e-01,3.142425953294559759e-01,3.137184447273947407e-01,3.131941087307005822e-01,3.126695872731533044e-01,3.121448802884986273e-01,3.116199879929692496e-01,3.110949097290716114e-01,3.105696457904780772e-01,3.100441960338666259e-01,3.095185604184790829e-01,3.094707661441018498e-01,3.089449276979349124e-01,3.084189032540869402e-01,3.078926927460844398e-01,3.073662961074221101e-01,3.068397132715737219e-01,3.063129441719777413e-01,3.057859887420489864e-01,3.052588469151416017e-01,3.047315186246796204e-01,3.042519674063681734e-01,2.993973149057745364e-01,2.945268634786274431e-01,2.896405611033185945e-01,2.847383555533256061e-01,2.798201943948072090e-01,2.748860249834131353e-01,2.699357944614229066e-01,2.649694497543763072e-01,2.599869375676274186e-01,2.549882043826413591e-01,2.499731964530512163e-01,2.449418598004445835e-01,2.398941402098560272e-01,2.348299832249748087e-01,2.297493341428619718e-01,2.246521380084642028e-01,2.195383396085184846e-01,2.144078834652178023e-01,2.092607138289847013e-01
0.000000000000000000e+00,0.000000000000000000e+00,0.000000000000000000e+00,0.000000000000000000e+00,0.000000000000000000e+00,0.000000000000000000e+00,-1.410810818368727396e-09,-1.410401798361968111e-09,-1.410399052874816088e-09,-1.410398278443627624e-09,-1.410398278444070992e-09,-1.410398278443721095e-09,-1.410398278443721095e-09,-1.410398278444754450e-09,-1.410398278440682654e-09,-1.410398278442334120e-09,-1.410398278444136753e-09,-1.410397282897777355e-09,-1.410397282898790444e-09,-1.410229872625187995e-09,-1.410229872632342487e-09,-1.410229872632816875e-09,-1.410229872680483158e-09,-1.410036603110904042e-09,-1.410036603101105467e-09,-1.410036603080131682e-09,-1.410036603093230294e-09,-1.410036603025928398e-09,-1.410036603026388517e-09,-1.410036603050260949e-09,-1.410036603068543295e-09,-1.410036603046445579e-09,-1.410036603113316307e-09,-1.410036603103356846e-09,-1.410036603103356846e-09,-1.410036603071646463e-09,-1.410036603069617803e-09,-1.410036603069629177e-09,-1.409833914197919612e-09,-1.409833850759200291e-09,-1.409781168008687069e-09
4.489860517047923605e-02,4.489994423008856345e-02,4.491467657478646208e-02,4.492941385108292079e-02,4.494415606152703246e-02,4.495890320867362844e-02,4.497365533585723912e-02,4.498841236480215916e-02,4.500317433675225798e-02,4.501794125638336475e-02,4.503271312557479561e-02,4.503405626829620756e-02,4.504883353996051720e-02,4.506361576660426749e-02,4.507840295082812115e-02,4.509319509523859737e-02,4.510799220244793295e-02,4.512279427507440849e-02,4.513760131574220263e-02,4.515241332707644467e-02,4.516723031172295566e-02,4.518070461566834478e-02,4.531709720301916461e-02,4.545391201296047901e-02,4.559115116840474491e-02,4.572881684041889272e-02,4.586691125092435400e-02,4.600543667558044253e-02,4.614439544687971156e-02,4.628378995749028724e-02,4.642362266385550301e-02,4.656389609008025621e-02,4.670461283213027393e-02,4.684577556237546486e-02,4.698738703451126736e-02,4.712945008889556781e-02,4.727196765834813796e-02,4.741494277445273270e-02,4.755837857441773397e-02,4.770227830858754514e-02,4.784664534858244084e-02
1.496620172349307810e-02,1.496672769674129398e-02,1.497251464407001187e-02,1.497830386853819806e-02,1.498409537140415852e-02,1.498988915392866772e-02,1.499568523097033305e-02,1.500148357688319174e-02,1.500728420569997709e-02,1.501308711951988492e-02,1.501889231933807405e-02,1.501942017817544175e-02,1.502522787326445765e-02,1.503103785702099987e-02,1.503685013072547476e-02,1.504266469566079879e-02,1.504848155311232921e-02,1.505430070436800799e-02,1.506012215071830460e-02,1.506594589345454198e-02,1.507177193387552495e-02,1.507707032920777013e-02,1.513071884016813258e-02,1.518456249062221687e-02,1.523860231874255358e-02,1.529283938315835999e-02,1.534727476404835513e-02,1.540190956431008312e-02,1.545674491081352846e-02,1.551178195575473977e-02,1.556702187811290217e-02,1.562246588522291958e-02,1.567811521447403517e-02,1.573397113514701101e-02,1.579003495040346566e-02,1.584630799944251531e-02,1.590279165984380752e-02,1.595948735011252367e-02,1.601639653244994396e-02,1.607352071578362768e-02,1.613086145905467603e-02
1.182329936155953387e+00,1.182369184596903988e+00,1.182801000902371058e+00,1.183232970245714721e+00,1.183665092680056041e+00,1.184097368258536287e+00,1.184529798108233667e+00,1.184962380155121009e+00,1.185395115464900062e+00,1.185828004152044146e+00,1.186261046249227569e+00,1.186300421321557552e+00,1.186733630835847597e+00,1.187166993871473730e+00,1.187600510481684690e+00,1.188034180719744537e+00,1.188468004638927100e+00,1.188901982292523307e+00,1.189336113733838074e+00,1.189770399016056635e+00,1.190204838192765902e+00,1.190599916488446652e+00,1.194599434665046367e+00,1.198611990572573616e+00,1.202637625720990311e+00,1.206676381709676615e+00,1.210728300225325960e+00,1.214793423039235210e+00,1.218871792004099897e+00,1.222963449050808560e+00,1.227068436184824529e+00,1.231186795482265728e+00,1.235318569085620544e+00,1.239463799199066463e+00,1.243622528083345280e+00,1.247794798050130050e+00,1.251980651455964377e+00,1.256180130695455865e+00,1.260393278193773448e+00,1.264620136399161598e+00,1.268860747773014497e+00
8.780292092437588236e-01,6.361551443007505968e-01,6.004654245265124146e-01,5.910938210657861180e-01,5.854482220122207980e-01,5.813885397058079496e-01,5.782124183919490346e-01,5.756004048213720914e-01,5.733799812784360350e-01,5.714473202729823953e-01,5.697350538979738532e-01,5.695886047333875712e-01,5.680645692770186495e-01,5.666791214719328895e-01,5.654083974811086044e-01,5.642341906770246274e-01,5.631422933057986802e-01,5.621214045205541465e-01,5.611623874343300011e-01,5.602577493317394408e-01,5.594012691411625049e-01,5.586600305483812035e-01,5.525812483834801059e-01,5.480521226237456967e-01,5.443560880782525313e-01,5.411639186028182058e-01,5.382936312276700441e-01,5.356308535041470753e-01,5.330957151137193373e-01,5.306266603028595430e-01,5.281712710680159795e-01,5.256800774184191560e-01,5.231013192451144933e-01,5.203751827499352167e-01,5.174257403407974687e-01,5.141473766849230520e-01,5.103782002211146862e-01,5.058392815382646290e-01,4.999648131371637882e-01,4.912420490052327726e-01,4.714396678935394713e-01
3.330000000000000000e+02,3.330000000000000000e+02,3.330000000000000000e+02,3.330000000000000000e+02,3.330000000000000000e+02,3.330000000000000000e+02,3.330000000000000000e+02,3.330000000000000000e+02,3.330000000000000000e+02,3.330000000000000000e+02,3.330000000000000000e+02,3.330000000000000000e+02,3.330000000000000000e+02,3.330000000000000000e+02,3.330000000000000000e+02,3.330000000000000000e+02,3.330000000000000000e+02,3.330000000000000000e+02,3.330000000000000000e+02,3.330000000000000000e+02,3.330000000000000000e+02,3.330000000000000000e+02,3.330000000000000000e+02,3.330000000000000000e+02,3.330000000000000000e+02,3.330000000000000000e+02,3.330000000000000000e+02,3.330000000000000000e+02,3.330000000000000000e+02,3.330000000000000000e+02,3.330000000000000000e+02,3.330000000000000000e+02,3.330000000000000000e+02,3.330000000000000000e+02,3.330000000000000000e+02,3.330000000000000000e+02,3.330000000000000000e+02,3.330000000000000000e+02,3.330000000000000000e+02,3.330000000000000000e+02,3.330000000000000000e+02
1.099804382985133206e-03,1.099320245280827101e-03,1.094001615428672044e-03,1.088695464961395324e-03,1.083401588856763159e-03,1.078119782160350806e-03,1.072849840001490525e-03,1.067591557495892879e-03,1.062344730314500503e-03,1.057109153579818654e-03,1.051884622988241832e-03,1.051410206343257820e-03,1.046197493113718274e-03,1.040995399055534131e-03,1.035803720184402636e-03,1.030622252660676804e-03,1.025450792789313597e-03,1.020289137018232008e-03,1.015137081935268189e-03,1.009994424263629606e-03,1.004860960855984402e-03,1.000201983591187923e-03,9.535042520528612051e-04,9.073926783751568590e-04,8.617097338615342574e-04,8.162958584468840836e-04,7.709872862888583929e-04,7.256133958009957719e-04,6.799936295464096246e-04,6.339340437530035588e-04,5.872236037337162304e-04,5.396304635996287740e-04,4.908986948190172377e-04,4.407463166708344097e-04,3.888661157911044337e-04,3.349317302679538644e-04,2.786129371994471937e-04,2.196061041921768973e-04,1.576882524237921673e-04,9.280553707541058328e-05,2.520742191923847349e-05
1.099804382985133206e-03,1.099390767714337417e-03,1.094845971167077636e-03,1.090310183347536956e-03,1.085783252809725298e-03,1.081265028137717073e-03,1.076755357958188901e-03,1.072254090840210920e-03,1.067761075861254098e-03,1.063276161502365019e-03,1.058799196768156481e-03,1.058392588950292628e-03,1.053924124295875595e-03,1.049463293591373480e-03,1.045009946001254067e-03,1.040563930782847056e-03,1.036125097286871204e-03,1.031693294956752575e-03,1.027268373326908468e-03,1.022850182019887071e-03,1.018438570742490360e-03,1.014433598576569518e-03,9.742349466767485314e-04,9.344511459868801249e-04,8.949655561127790437e-04,8.556600072464968631e-04,8.164132092449531697e-04,7.770988079130079166e-04,7.375831244202057891e-04,6.977226249141776004e-04,6.573612102302087536e-04,6.163275076754902524e-04,5.744325170210516683e-04,5.314682547156771540e-04,4.872085163610825691e-04,4.414136188904703765e-04,3.938420813304240996e-04,3.442737183700277179e-04,2.925504841126679587e-04,2.386431667813696108e-04,1.827523763615070921e-04
1.099804382985133206e-03,1.099461323129226212e-03,1.095690721787151390e-03,1.091925656892506419e-03,1.088166030600601917e-03,1.084411745059048931e-03,1.080662702416887921e-03,1.076918804721554643e-03,1.073179954482004128e-03,1.069446053562798883e-03,1.065717004301694514e-03,1.065378237023251141e-03,1.061654369008292005e-03,1.057935148325702063e-03,1.054220477313576711e-03,1.050510258351053166e-03,1.046804393859420692e-03,1.043102786302396853e-03,1.039405338185741970e-03,1.035711952056083849e-03,1.032022530499077453e-03,1.028671869292006099e-03,9.949753364692740399e-04,9.615222680904735681e-04,9.282369311860961484e-04,8.950425655624248819e-04,8.618603766403486752e-04,8.286082983186749849e-04,7.951995522971990913e-04,7.615410382185942156e-04,7.275316181323071779e-04,6.930604208232687101e-04,6.580054056657655458e-04,6.222326208848290253e-04,5.855969089335040598e-04,5.479453061273517524e-04,5.091251149236034317e-04,4.689996361197117558e-04,4.274757871121220854e-04,3.845490006859541491e-04,3.403710101921947557e-04
1.099804382985133206e-03,1.099531910158504499e-03,1.096535850922116667e-03,1.093541854297014164e-03,1.090549876063825769e-03,1.087559871957699932e-03,1.084571797674023074e-03,1.081585608762553963e-03,1.078601261187688660e-03,1.075618710221410519e-03,1.072637911558520273e-03,1.072367015217408565e-03,1.069388077479917990e-03,1.066410799119010605e-03,1.063435135670235407e-03,1.060461042658340141e-03,1.057488475598963949e-03,1.054517389999874016e-03,1.051547741361907960e-03,1.048579485179487953e-03,1.045612576940815885e-03,1.042916519875500356e-03,1.015725019591936021e-03,9.886055201914969049e-04,9.615232144591025383e-04,9.344427703700399586e-04,9.073279079505311472e-04,8.801408690378898945e-04,8.528417968772975628e-04,8.253880472046529800e-04,7.977334679105219746e-04,7.698277163670083027e-04,7.416157415548380906e-04,7.130376566473634612e-04,6.840293872643392553e-04,6.545247279608062962e-04,6.244598044066221017e-04,5.937814409159677302e-04,5.624615472870253714e-04,5.305202119097170241e-04,4.980602696000553187e-04
1.099804382985133206e-03,1.099602527518442861e-03,1.097381343202049383e-03,1.095158746168118117e-03,1.092934745845638338e-03,1.090709351580322183e-03,1.088482572636910537e-03,1.086254418090475907e-03,1.084024897383820520e-03,1.081794019219301135e-03,1.079561792671689937e-03,1.079358796431487914e-03,1.077125109061816610e-03,1.074890091829043071e-03,1.072653753489027483e-03,1.070416102734965316e-03,1.068177148199659591e-03,1.065936898457718780e-03,1.063695362027830592e-03,1.061452547374962035e-03,1.059208462912593742e-03,1.057167291266995031e-03,1.036483618681032122e-03,1.015700409740920252e-03,9.948238005714638704e-04,9.738599051182944295e-04,9.528149762811393341e-04,9.316955828745715961e-04,9.105088098509571057e-04,8.892624907199842173e-04,8.679654828402969891e-04,8.466279981798027808e-04,8.252620041105448046e-04,8.038817105792888740e-04,7.825041612132623047e-04,7.611499460862808505e-04,7.398440522474244042e-04,7.186168634169637316e-04,6.975053097215129332e-04,6.765541457501044777e-04,6.558172867724828756e-04
3.142902361933546662e-01,3.142326311968211550e-01,3.135987533857250709e-01,3.129644689015270709e-01,3.123297804283656220e-01,3.116946906266639949e-01,3.110592021337862945e-01,3.104233175332466454e-01,3.097870395131132604e-01,3.091503705502331445e-01,3.085133132281755453e-01,3.084553797563447941e-01,3.078179016566355286e-01,3.071800404697964115e-01,3.065417986883431922e-01,3.059031787869604946e-01,3.052641832231509089e-01,3.046248144378586042e-01,3.039850748561162552e-01,3.033449668876792571e-01,3.027044929276568319e-01,3.021219282809760598e-01,2.962184963668840765e-01,2.902863485713786940e-01,2.843272320227733796e-01,2.783428878625760494e-01,2.723350972484908650e-01,2.663057318903636617e-01,2.602568112436282055e-01,2.541905689138667102e-01,2.481095313243259770e-01,2.420166122480365278e-01,2.359152273700688418e-01,2.298094335540283584e-01,2.237040978366769128e-01,2.176051012236609183e-01,2.115195818972872566e-01,2.054562211064937804e-01,1.994255720003006993e-01,1.934404252104395261e-01,1.875161911441689810e-01
0.000000000000000000e+00,0.000000000000000000e+00,0.000000000000000000e+00,0.000000000000000000e+00,0.000000000000000000e+00,0.000000000000000000e+00,2.073380778208596662e-16,-2.068071077187915244e-12,-2.068071077193386026e-12,-2.068071077284113764e-12,-2.068071077246385766e-12,-2.068071076004920144e-12,-2.068071076281888729e-12,-2.068071085111604347e-12,-2.068071083922231718e-12,-2.068071084018734372e-12,-2.068071082861816869e-12,-2.068071082848936600e-12,-2.068071081527425503e-12,-2.068071081252069678e-12,-2.068071091174374968e-12,-2.068071091174374968e-12,-2.068071092843559609e-12,-2.068071086999237775e-12,-2.068071104890403985e-12,-2.068071091536261639e-12,-2.068071080606643830e-12,-2.068071105590010567e-12,-2.068071099922928336e-12,-2.068071102258554786e-12,-2.068071110398129548e-12,-2.068071110398129548e-12,-2.068071067362621115e-12,-2.068071111395187936e-12,-2.068071119501393553e-12,-2.068071110404503039e-12,-2.068071110477118026e-12,-2.068071109067067907e-12,-2.068071109065717276e-12,-2.068071107705466419e-12,-2.068071107635155663e-12
4.489860517047923605e-02,4.490017943239513892e-02,4.491750197727456539e-02,4.493483486273833899e-02,4.495217802745202218e-02,4.496953141064266579e-02,4.498689495208340466e-02,4.500426859306527749e-02,4.502165227150366211e-02,4.503904593156238950e-02,4.505644951411771904e-02,4.505803214801237105e-02,4.507544648928993314e-02,4.509287063288427294e-02,4.511030452200442270e-02,4.512774810028320760e-02,4.514520131176200796e-02,4.516266410087622224e-02,4.518013641243998763e-02,4.519761819163154587e-02,4.521510938397821366e-02,4.523101859080795595e-02,4.539221025645682334e-02,4.555414703212506272e-02,4.571678933082552743e-02,4.588009774282674619e-02,4.604403195129831705e-02,4.620854953825929284e-02,4.637360462997693750e-02,4.653914632055444756e-02,4.670511680031936425e-02,4.687144910218403460e-02,4.703806436526473261e-02,4.720486850234444087e-02,4.737174814869814926e-02,4.753856576774341536e-02,4.770515379897263819e-02,4.787130776449117359e-02,4.803677832118264518e-02,4.820126239874299862e-02,4.836439389419680546e-02
1.496620172349307984e-02,1.496682231190361173e-02,1.497365129833243269e-02,1.498048487677500554e-02,1.498732302326141741e-02,1.499416571404046071e-02,1.500101292557350606e-02,1.500786463491400428e-02,1.501472081779218343e-02,1.502158145238867253e-02,1.502844651558814075e-02,1.502907083106145777e-02,1.503594069973292896e-02,1.504281495002301842e-02,1.504969355972671403e-02,1.505657650680286390e-02,1.506346376936811525e-02,1.507035532569110312e-02,1.507725115418634583e-02,1.508415123340840422e-02,1.509105554204587946e-02,1.509733583858813809e-02,1.516099148876257074e-02,1.522498476674879163e-02,1.528930013655118401e-02,1.535392208939196333e-02,1.541883470540293677e-02,1.548402116920510364e-02,1.554946321858077449e-02,1.561514050112502647e-02,1.568102980872103022e-02,1.574710415408588776e-02,1.581333164782693090e-02,1.587967412909835341e-02,1.594608549905861261e-02,1.601250970529016077e-02,1.607887832923443963e-02,1.614510774115509792e-02,1.621109581596939103e-02,1.627671826600840879e-02,1.634182478222010598e-02
1.182329936155953387e+00,1.182376190095682400e+00,1.182885157146719157e+00,1.183394441367535022e+00,1.183904040897188148e+00,1.184413953890902427e+00,1.184924178519609406e+00,1.185434712998322482e+00,1.185945555443027599e+00,1.186456704152465846e+00,1.186968157328559981e+00,1.187014668108523185e+00,1.187526451426272001e+00,1.188038535551040109e+00,1.188550918752148799e+00,1.189063599310986152e+00,1.189576575520551627e+00,1.190089845685024628e+00,1.190603408119307538e+00,1.191117261148588957e+00,1.191631403107897613e+00,1.192099054220197907e+00,1.196837836035252955e+00,1.201599489979789714e+00,1.206382796879981845e+00,1.211186538661553458e+00,1.216009465902786468e+00,1.220850262086740967e+00,1.225707503042700264e+00,1.230579609758528425e+00,1.235464792387028332e+00,1.240360982873424556e+00,1.245265753224084726e+00,1.250176216067894863e+00,1.255088903905251074e+00,1.259999623396838020e+00,1.264903281365973520e+00,1.269793680137219605e+00,1.274663281973831941e+00,1.279502946975765720e+00,1.284301658669567026e+00
8.780292092437588236e-01,6.361530164344817440e-01,6.004399537567762790e-01,5.910451225901605099e-01,5.853764089588201491e-01,5.812937231457118159e-01,5.780947073513847956e-01,5.754599062936396336e-01,5.732168002355939596e-01,5.712615596772325777e-01,5.695268147128137448e-01,5.693783269777686895e-01,5.678319208072254431e-01,5.664241991071194970e-01,5.651312960743887226e-01,5.639350031254538598e-01,5.628211105600625652e-01,5.617783155943574247e-01,5.607974794134816809e-01,5.598711073829295559e-01,5.589929765204261214e-01,5.582321261445338800e-01,5.519586144378766379e-01,5.472400386422179297e-01,5.433584188689269956e-01,5.399831195639495096e-01,5.369307255387339994e-01,5.340853778655648698e-01,5.313656299843316777e-01,5.287082197806811656e-01,5.260588467844251603e-01,5.233659302985825823e-01,5.205753131201280581e-01,5.176244352287759920e-01,5.144342100585106436e-01,5.108953934979054701e-01,5.068419581194983925e-01,5.019903354443051580e-01,4.957696527750755644e-01,4.866618665491715956e-01,4.664304869603335679e-01
3.330000000000000000e+02,3.330000000000000000e+02,3.330000000000000000e+02,3.330000000000000000e+02,3.330000000000000000e+02,3.330000000000000000e+02,3.330000000000000000e+02,3.330000000000000000e+02,3.330000000000000000e+02,3.330000000000000000e+02,3.330000000000000000e+02,3.330000000000000000e+02,3.330000000000000000e+02,3.330000000000000000e+02,3.330000000000000000e+02,3.330000000000000000e+02,3.330000000000000000e+02,3.330000000000000000e+02,3.330000000000000000e+02,3.330000000000000000e+02,3.330000000000000000e+02,3.330000000000000000e+02,3.330000000000000000e+02,3.330000000000000000e+02,3.330000000000000000e+02,3.330000000000000000e+02,3.330000000000000000e+02,3.330000000000000000e+02,3.330000000000000000e+02,3.330000000000000000e+02,3.330000000000000000e+02,3.330000000000000000e+02,3.330000000000000000e+02,3.330000000000000000e+02,3.330000000000000000e+02,3.330000000000000000e+02,3.330000000000000000e+02,3.330000000000000000e+02,3.330000000000000000e+02,3.330000000000000000e+02,3.330000000000000000e+02
1.099804382985132990e-03,1.099294020927608830e-03,1.093681682279453848e-03,1.088072378562225445e-03,1.082466136700452851e-03,1.076862979623283145e-03,1.071262926357425573e-03,1.065665991978084239e-03,1.060072188398557616e-03,1.054481523055545615e-03,1.048894000395943346e-03,1.048386199681901332e-03,1.042802106243580782e-03,1.037221153383728741e-03,1.031643334950891298e-03,1.026068641570460809e-03,1.020497060719900663e-03,1.014928576802037567e-03,1.009363171216647948e-03,1.003800822430151330e-03,9.982415060435234633e-04,9.931901906430531252e-04,9.422786972514335174e-04,8.915843007805490748e-04,8.410587309910688876e-04,7.906409391165943913e-04,7.402593532977806267e-04,6.898338299959981936e-04,6.392776399899096447e-04,5.884999406894475928e-04,5.374093656383883586e-04,4.859196306582690096e-04,4.339584325133449849e-04,3.814813939810084370e-04,3.284933158087877721e-04,2.750793111845393048e-04,2.214480309016550799e-04,1.679872317003789381e-04,1.153270557059442406e-04,6.439725843557597240e-05,1.645150252194915472e-05
1.099804382985132990e-03,1.099364552149723106e-03,1.094527292597814771e-03,1.089691665827423632e-03,1.084857698303457862e-03,1.080025413454001586e-03,1.075194831741074688e-03,1.070365970589867580e-03,1.065538845157348608e-03,1.060713466996594627e-03,1.055889845523771400e-03,1.055451421839197690e-03,1.050629724238433520e-03,1.045809794280546257e-03,1.040991633297122217e-03,1.036175240172110355e-03,1.031360611399398820e-03,1.026547741138930658e-03,1.021736621271581791e-03,1.016927241452603289e-03,1.012119589163741140e-03,1.007750482990203136e-03,9.636754299035962205e-04,9.197223555878729362e-04,8.758593790924563104e-04,8.320450619652686435e-04,7.882302001473896627e-04,7.443594001829929646e-04,7.003726973054975186e-04,6.562075584717479192e-04,6.118017482181693127e-04,5.670977366589514176e-04,5.220496104360350690e-04,4.766338036298098488e-04,4.308653408773322770e-04,3.848215129323008347e-04,3.386746157249159489e-04,2.927338967696974451e-04,2.474931610823352386e-04,2.036736063245784081e-04,1.622415835655687053e-04
1.099804382985132990e-03,1.099435116357326070e-03,1.095373298384575691e-03,1.091311710388187268e-03,1.087250378373232811e-03,1.083189326266966162e-03,1.079128575967389396e-03,1.075068147250778832e-03,1.071008058519288837e-03,1.066948325444298752e-03,1.062888962413569525e-03,1.062519948204168662e-03,1.058461002992265631e-03,1.054402451845564076e-03,1.050344303582190133e-03,1.046286565348511933e-03,1.042229242659058631e-03,1.038172339435453452e-03,1.034115858044572624e-03,1.030059799335732639e-03,1.026004162677004528e-03,1.022317584780658593e-03,9.850821692118374388e-04,9.478735697799378678e-04,9.106763024879511569e-04,8.734685483693187778e-04,8.362234816263420861e-04,7.989104704609222875e-04,7.614963270782253591e-04,7.239468412215946044e-04,6.862289220438579215e-04,6.483138073994399201e-04,6.101819861497774023e-04,5.718307134111248313e-04,5.332852424914949702e-04,4.946150380520939263e-04,4.559560241577732581e-04,4.175389023807499428e-04,3.797210768661006346e-04,3.430150898833967408e-04,3.080998465706282614e-04
1.099804382985132990e-03,1.099505712183258301e-03,1.096219683248642182e-03,1.092932480856664834e-03,1.089644130552356758e-03,1.086354656762365291e-03,1.083064082821317848e-03,1.079772430857630500e-03,1.076479722520097115e-03,1.073185977600245268e-03,1.069891215459658259e-03,1.069591641826348957e-03,1.066295790776524864e-03,1.062998959598756036e-03,1.059701164601062513e-03,1.056402421195933722e-03,1.053102743922582595e-03,1.049802146468685558e-03,1.046500641691818076e-03,1.043198241640378018e-03,1.039894957574087489e-03,1.036891213781423408e-03,1.006498500427344079e-03,9.760373979358603902e-04,9.455088266106597642e-04,9.149105957617793264e-04,8.842382678799679636e-04,8.534859839200298337e-04,8.226473450570726768e-04,7.917164765117800469e-04,7.606894451124695004e-04,7.295662693440160178e-04,6.983538521176295769e-04,6.670702789148946201e-04,6.357510362980316838e-04,6.044577593290480742e-04,5.732899839099822896e-04,5.423998304759727624e-04,5.120082411831367161e-04,4.824190094147984124e-04,4.540234655793519945e-04
1.099804382985132990e-03,1.099576338343630569e-03,1.097066431797252091e-03,1.094553947756745976e-03,1.092038911306903023e-03,1.089521347373978086e-03,1.087001280729842350e-03,1.084478735856061462e-03,1.081953737649463728e-03,1.079426310023495891e-03,1.076896477315701216e-03,1.076666374096521550e-03,1.074133945103997786e-03,1.071599161199903155e-03,1.069062046185370813e-03,1.066522623742563328e-03,1.063980917439254084e-03,1.061436950733370523e-03,1.058890746977694591e-03,1.056342329424517657e-03,1.053791721230322746e-03,1.051471104949481400e-03,1.027924034062431199e-03,1.004213327854735225e-03,9.803563179795692605e-04,9.563704504576727968e-04,9.322736856883041606e-04,9.080849480238165419e-04,8.838246391202568943e-04,8.595152318511687295e-04,8.351819632491697164e-04,8.108536447963833301e-04,7.865636048036899830e-04,7.623507680686395773e-04,7.382608588048045293e-04,7.143476791106790919e-04,6.906743610897983152e-04,6.673144102745598915e-04,6.443522481955388280e-04,6.218828296521503995e-04,6.000097867547208143e-04
3.142902361933546107e-01,3.142251573950060606e-01,3.135088842192363945e-01,3.127918709924917828e-01,3.120741248596775597e-01,3.113556529206163992e-01,3.106364622462558511e-01,3.099165597675765937e-01,3.091959526132004310e-01,3.084746475878842875e-01,3.077526516214807994e-01,3.076869816001903124e-01,3.069642396965203690e-01,3.062408211430602267e-01,3.055167327198467508e-01,3.047919811731215067e-01,3.040665732166400459e-01,3.033405155329700342e-01,3.026138147748240192e-01,3.018864775663913091e-01,3.011585105046805655e-01,3.004961812298138080e-01,2.937753728207215809e-01,2.870074608088711843e-01,2.801973844085599574e-01,2.733501166101630631e-01,2.664707784089562770e-01,2.595647672243485693e-01,2.526379035740404233e-01,2.456966008044904892e-01,2.387480631600642778e-01,2.318005174342748220e-01,2.248634824254634734e-01,2.179480776923961305e-01,2.110673676208020266e-01,2.042367271738655954e-01,1.974742002188829837e-01,1.908007983182433420e-01,1.842406564708616301e-01,1.778209244522020172e-01,1.715712370633901418e-01
0.000000000000000000e+00,0.000000000000000000e+00,0.000000000000000000e+00,0.000000000000000000e+00,0.000000000000000000e+00,0.000000000000000000e+00,-7.520524873704192828e-11,-2.844949793431799276e-14,-2.844949789162501096e-14,-2.844949796158576512e-14,-2.844949796158737440e-14,-2.844949796158737440e-14,-2.844949783373768461e-14,-2.844949796411184920e-14,-2.844949796196397028e-14,-2.844949793925495567e-14,-2.844949793926857457e-14,-2.844949787326454476e-14,-2.844949786314773182e-14,-2.844949786314773182e-14,-2.844950241874646144e-14,-2.844950245552652054e-14,-2.844950245552741669e-14,-2.844950961970826460e-14,-2.844951492282567471e-14,-2.844951492282567471e-14,-2.844951880728553384e-14,-2.844953192033289012e-14,-2.844952962992219850e-14,-2.844952812601715112e-14,-2.844952812601715112e-14,-2.844954674644180421e-14,-2.844953761869445339e-14,-2.844953761869445339e-14,-2.844954046904668085e-14,-2.844954755951918043e-14,-2.844954485572380387e-14,-2.844954487429123561e-14,-2.844954487429969220e-14,-2.844954487448979506e-14,-2.844954486255826756e-14
4.489860517047922911e-02,4.490035585075276975e-02,4.491962341241157591e-02,4.493890933588032960e-02,4.495821345596816981e-02,4.497753560854254179e-02,4.499687563267620177e-02,4.501623336075805115e-02,4.503560863514251972e-02,4.505500129651566349e-02,4.507441118459656892e-02,4.507617656861306193e-02,4.509560506886379355e-02,4.511505046563933641e-02,4.513451260231621937e-02,4.515399132306489871e-02,4.517348647281881763e-02,4.519299789724415262e-02,4.521252544270833867e-02,4.523206895624894142e-02,4.525162828554209205e-02,4.526942309072666537e-02,4.544994512117999513e-02,4.563166221021119212e-02,4.581446037619382738e-02,4.599822482721795114e-02,4.618283725813244339e-02,4.636817280383808554e-02,4.655409655052975687e-02,4.674045948845365062e-02,4.692709377750098332e-02,4.711380719688501584e-02,4.730037667326738443e-02,4.748654084534459363e-02,4.767199175236154496e-02,4.785636596300698459e-02,4.803923583072154668e-02,4.822010211291762743e-02,4.839838994756333335e-02,4.857345109624761764e-02,4.874457622656757499e-02
1.496620172349307464e-02,1.496689328003619410e-02,1.497450475821658633e-02,1.498212417730901760e-02,1.498975147239923165e-02,1.499738657897738310e-02,1.500502943365222830e-02,1.501267997091215722e-02,1.502033812837200513e-02,1.502800384349876547e-02,1.503567705323632757e-02,1.503637498723509221e-02,1.504405630184591468e-02,1.505174498112875348e-02,1.505944096342637373e-02,1.506714418738059127e-02,1.507485459191994226e-02,1.508257211624757128e-02,1.509029669982864079e-02,1.509802828237788788e-02,1.510576680384698688e-02,1.511280779439654227e-02,1.518426777919666855e-02,1.525625819698959475e-02,1.532873389965466043e-02,1.540164926883320733e-02,1.547495712030281904e-02,1.554860746442396878e-02,1.562254608209485453e-02,1.569671286810212646e-02,1.577103988855693695e-02,1.584544909884319855e-02,1.591984967770368117e-02,1.599413495888665770e-02,1.606817899460222937e-02,1.614183287884161933e-02,1.621492111042398959e-02,1.628723850267697199e-02,1.635854845856006198e-02,1.642858380883019387e-02,1.649705176998692707e-02
1.182329936155953165e+00,1.182381444716672947e+00,1.182948345554492464e+00,1.183515805148335653e+00,1.184083818540338173e+00,1.184652380802903249e+00,1.185221487095161619e+00,1.185791132405316972e+00,1.186361311974455823e+00,1.186932021019311279e+00,1.187503254721333112e+00,1.187555210909108094e+00,1.188127011532215338e+00,1.188699326879582463e+00,1.189272152237200730e+00,1.189845482913470809e+00,1.190419314238283732e+00,1.190993641562120064e+00,1.191568460255112649e+00,1.192143765706122682e+00,1.192719553321796466e+00,1.193243411164803369e+00,1.198558508362290720e+00,1.203910076014411024e+00,1.209294659965858276e+00,1.214708773020544585e+00,1.220148814275407334e+00,1.225610978172707588e+00,1.231091150367881415e+00,1.236584786980602813e+00,1.242086773446870795e+00,1.247591259208645775e+00,1.253091465194470677e+00,1.258579462976818331e+00,1.264045928391848372e+00,1.269479879274670431e+00,1.274868418009690529e+00,1.280196516029724396e+00,1.285446899856647951e+00,1.290600125376692775e+00,1.295634952426582442e+00
8.780292092437588236e-01,6.361498244798263757e-01,6.004017254579308016e-01,5.909719942986096930e-01,5.852685149635192818e-01,5.811511956710544435e-01,5.779176765552574979e-01,5.752485002655483015e-01,5.729711449948664548e-01,5.709817791712371582e-01,5.692130308152438811e-01,5.690614578343937691e-01,5.674811788583707939e-01,5.660397018851044404e-01,5.647131590325964456e-01,5.634833396366145664e-01,5.623360319145079833e-01,5.612599309982352347e-01,5.602458959869175414e-01,5.592864301581267350e-01,5.583753084396907429e-01,5.575845539464029388e-01,5.510131728896154879e-01,5.460034422753899941e-01,5.418357202559459518e-01,5.381776660110387800e-01,5.348440946754586811e-01,5.317172874436070229e-01,5.287138177245972459e-01,5.257682899436023627e-01,5.228240816711871020e-01,5.198270676947340796e-01,5.167202955791093677e-01,5.134381451065492818e-01,5.098982164916275872e-01,5.059877548595408392e-01,5.015371453940529189e-01,4.962593649990019173e-01,4.895805326658275169e-01,4.799804537464098519e-01,4.592218044808856758e-01
3.330000000000000000e+02,3.330000000000000000e+02,3.330000000000000000e+02,3.330000000000000000e+02,3.330000000000000000e+02,3.330000000000000000e+02,3.330000000000000000e+02,3.330000000000000000e+02,3.330000000000000000e+02,3.330000000000000000e+02,3.330000000000000000e+02,3.330000000000000000e+02,3.330000000000000000e+02,3.330000000000000000e+02,3.330000000000000000e+02,3.330000000000000000e+02,3.330000000000000000e+02,3.330000000000000000e+02,3.330000000000000000e+02,3.330000000000000000e+02,3.330000000000000000e+02,3.330000000000000000e+02,3.330000000000000000e+02,3.330000000000000000e+02,3.330000000000000000e+02,3.330000000000000000e+02,3.330000000000000000e+02,3.330000000000000000e+02,3.330000000000000000e+02,3.330000000000000000e+02,3.330000000000000000e+02,3.330000000000000000e+02,3.330000000000000000e+02,3.330000000000000000e+02,3.330000000000000000e+02,3.330000000000000000e+02,3.330000000000000000e+02,3.330000000000000000e+02,3.330000000000000000e+02,3.330000000000000000e+02,3.330000000000000000e+02
1.099804382985133206e-03,1.099276501037710612e-03,1.093463083879675371e-03,1.087637544104778616e-03,1.081800150515103151e-03,1.075951167814636874e-03,1.070090856639371087e-03,1.064219473443382951e-03,1.058337271264388245e-03,1.052444498297332469e-03,1.046541399395597765e-03,1.046004250364277605e-03,1.040090161327991789e-03,1.034166245507216761e-03,1.028232735733229566e-03,1.022289861085722484e-03,1.016337846939892103e-03,1.010376915014996393e-03,1.004407283424438779e-03,9.984291667273128418e-04,9.924427759812717072e-04,9.869935973795920022e-04,9.315877741777262629e-04,8.756612781048365947e-04,8.193408794548130095e-04,7.627384892216603623e-04,7.059565705341982154e-04,6.490943929685421632e-04,5.922554265953813889e-04,5.355562969794894690e-04,4.791378163523996644e-04,4.231786209736903485e-04,3.679117820122211006e-04,3.136442467484149618e-04,2.607778577424763977e-04,2.098287082620104934e-04,1.614386024097055558e-04,1.163688570640269076e-04,7.546425386456353406e-05,3.957678530840139189e-05,9.448606524957411503e-06
1.099804382985133206e-03,1.099347046835955771e-03,1.094310781927202488e-03,1.089264459611521962e-03,1.084208291619711152e-03,1.079142486579941869e-03,1.074067250041241782e-03,1.068982784352389684e-03,1.063889289420209740e-03,1.058786961274412863e-03,1.053675993560975474e-03,1.053210938332993724e-03,1.048090762870655971e-03,1.042962342975060821e-03,1.037825863171416537e-03,1.032681505151800084e-03,1.027529447811718595e-03,1.022369867287792116e-03,1.017202936996624207e-03,1.012028827674805965e-03,1.006847707419935298e-03,1.002131653543128541e-03,9.541841262167327685e-04,9.057872722419988212e-04,8.570437940251523102e-04,8.080454250756792653e-04,7.588771371990551007e-04,7.096220033793665871e-04,6.603669417813359810e-04,6.112096595244973342e-04,5.622671842431733189e-04,5.136863796283457550e-04,4.656567134609607226e-04,4.184251540733895103e-04,3.723122243773147109e-04,3.277267298047070363e-04,2.851744088072832905e-04,2.452530814183614375e-04,2.086250368914969262e-04,1.759587948398313886e-04,1.478397648642561647e-04
1.099804382985133206e-03,1.099417625626506433e-03,1.095158876419502665e-03,1.090892135981347049e-03,1.086617558944860023e-03,1.082335297836172416e-03,1.078045503091585450e-03,1.073748322929274487e-03,1.069443904100329107e-03,1.065132390444824360e-03,1.060813924377384610e-03,1.060420996669005642e-03,1.056095106071888419e-03,1.051762554132766722e-03,1.047423477048189814e-03,1.043078009100456083e-03,1.038726282683647339e-03,1.034368428330427253e-03,1.030004574739695668e-03,1.025634848805047177e-03,1.021259375643933332e-03,1.017276789354019982e-03,9.767910459404019474e-04,9.359273554677731899e-04,8.947643411988142519e-04,8.533735497220442962e-04,8.118224533393899201e-04,7.701779208682140755e-04,7.285103108264064185e-04,6.868984030406310570e-04,6.454354294246068520e-04,6.042364662415730930e-04,5.634473574924720547e-04,5.232550645111392999e-04,4.838987525298002143e-04,4.456798889692577845e-04,4.089680829961412148e-04,3.741975813356988672e-04,3.418480955088454721e-04,3.124045864396191008e-04,2.862956448948660742e-04
1.099804382985133206e-03,1.099488236041920846e-03,1.096007350925012978e-03,1.092520541678538215e-03,1.089027905811756338e-03,1.085529539723618670e-03,1.082025538713005976e-03,1.078515996843234419e-03,1.075001007685841238e-03,1.071480662867881116e-03,1.067955053549669896e-03,1.067634285679710171e-03,1.064103035850067543e-03,1.060566708479023261e-03,1.057025391412811733e-03,1.053479171502710865e-03,1.049928134620539211e-03,1.046372365674571193e-03,1.042811948625965365e-03,1.039246966505674719e-03,1.035677501431745990e-03,1.032428711380043362e-03,9.994080953468044773e-04,9.660809438275672284e-04,9.325017901521113518e-04,8.987219849426574935e-04,8.647914931564255892e-04,8.307609721833100324e-04,7.966842134743405040e-04,7.626210610823917508e-04,7.286409405382189390e-04,6.948271264340448406e-04,6.612818194439144164e-04,6.281319470152602448e-04,5.955352802461948581e-04,5.636859004504598224e-04,5.328172265129426169e-04,5.031998585570809706e-04,4.751308485619274704e-04,4.489115165136489888e-04,4.248135640778432590e-04
1.099804382985133206e-03,1.099558876798044154e-03,1.096856190012968687e-03,1.094149647088127428e-03,1.091439288384674468e-03,1.088725154150264191e-03,1.086007284522663837e-03,1.083285719387062094e-03,1.080560499112591475e-03,1.077831663090851773e-03,1.075099251205826690e-03,1.074850674180769178e-03,1.072114406569136527e-03,1.069374645897250937e-03,1.066631431640256266e-03,1.063884803198028887e-03,1.061134799900134880e-03,1.058381461010854223e-03,1.055624825734380844e-03,1.052864933220178578e-03,1.050101822568413239e-03,1.047587144061067977e-03,1.022034863111417630e-03,9.962474889337407345e-04,9.702554545736727029e-04,9.440899060090962580e-04,9.177832933297641561e-04,8.913700555321866495e-04,8.648874098818024915e-04,8.383762565211522449e-04,8.118822043686227093e-04,7.854567126805061042e-04,7.591583200507751733e-04,7.330538942443976099e-04,7.072197772509892979e-04,6.817426181343128793e-04,6.567195869776814654e-04,6.322575669851375523e-04,6.084708721065831914e-04,5.854771024813297834e-04,5.633910032597826351e-04
3.142902361933546662e-01,3.142201742621222316e-01,3.134488855465997759e-01,3.126764911626049859e-01,3.119030026062060146e-01,3.111284313413582026e-01,3.103527888009341429e-01,3.095760863494402826e-01,3.087983354772039224e-01,3.080195474129624467e-01,3.072397335160163556e-01,3.071687908663628397e-01,3.063878707596174866e-01,3.056059484084851507e-01,3.048230350587246007e-01,3.040391419348942303e-01,3.032542802417683148e-01,3.024684611657673106e-01,3.016816958764519940e-01,3.008939955280420797e-01,3.001053712609733637e-01,2.993876477258231583e-01,2.920944230946926901e-01,2.847336261174654992e-01,2.773139315110570435e-01,2.698442196773754298e-01,2.623337455975406352e-01,2.547923345166733244e-01,2.472306075590401386e-01,2.396602403360456046e-01,2.320942562866102621e-01,2.245473531551734347e-01,2.170362545547556699e-01,2.095800675926703660e-01,2.022006106660918789e-01,1.949226521400087564e-01,1.877739722232506514e-01,1.807851328155956894e-01,1.739888258482167882e-01,1.674186891452804360e-01,1.611075511871734867e-01
0.000000000000000000e+00,0.000000000000000000e+00,0.000000000000000000e+00,0.000000000000000000e+00,0.000000000000000000e+00,0.000000000000000000e+00,2.100162446471460122e-16,-5.866713118998382924e-12,-5.866713119007090938e-12,-5.866713119004455108e-12,-5.866713118874309063e-12,-5.866713118874309063e-12,-5.866713119553179584e-12,-5.866713119685472745e-12,-5.866713119337026951e-12,-5.866713119410411765e-12,-5.866713119266345821e-12,-5.866713119257615188e-12,-5.866713119125981188e-12,-5.866713118757387406e-12,-5.866713118461803623e-12,-5.866713118066347475e-12,-5.866713116076663870e-12,-5.866713116079563041e-12,-5.866713115199391171e-12,-5.866713114145345774e-12,-5.866713121724745989e-12,-5.866713121724745989e-12,-5.866713121724745989e-12,-5.866713121842460898e-12,-5.866713111760063849e-12,-5.866713111760063849e-12,-5.866713107265388159e-12,-5.866713107265388159e-12,-5.866713108814603742e-12,-5.866713110640548399e-12,-5.866713110479997812e-12,-5.866713109238580658e-12,-5.866713108674727824e-12,-5.866713108042682672e-12,-5.866713108029553603e-12
4.489860517047923605e-02,4.490047347713831127e-02,4.492103973352117724e-02,4.494163308957569575e-02,4.496225327891913148e-02,4.498290003591400021e-02,4.500357309564387287e-02,4.502427219509064216e-02,4.504499706726310809e-02,4.506574745252289738e-02,4.508652308754151905e-02,4.508841302463902079e-02,4.510921590638979073e-02,4.513004349132006265e-02,4.515089551884491487e-02,4.517177172886833320e-02,4.519267186174982798e-02,4.521359565827088450e-02,4.523454285959970650e-02,4.525551320725545307e-02,4.527650644307156663e-02,4.529561084751908273e-02,4.548967152537809755e-02,4.568542274332528658e-02,4.588266331666099318e-02,4.608118711084276120e-02,4.628077902948577599e-02,4.648121035360752717e-02,4.668223335355070613e-02,4.688357509591808275e-02,4.708493039819450221e-02,4.728595396188331468e-02,4.748625186772010426e-02,4.768537287747257741e-02,4.788280039000362975e-02,4.807794646092949237e-02,4.827014998082002073e-02,4.845868177847986041e-02,4.864275977714705573e-02,4.882157691531851390e-02,4.899434283916516419e-02
1.496620172349307984e-02,1.496694059784987006e-02,1.497507455352381153e-02,1.498322005534860092e-02,1.499137699871404619e-02,1.499954527927350317e-02,1.500772479293415416e-02,1.501591543631811479e-02,1.502411710445118211e-02,1.503232969524114469e-02,1.504055310508990197e-02,1.504130122072500422e-02,1.504953631573730660e-02,1.505778201469142909e-02,1.506603821498030994e-02,1.507430481415733721e-02,1.508258170992290807e-02,1.509086880011092056e-02,1.509916598267453669e-02,1.510747315567176688e-02,1.511579021725067973e-02,1.512335967767921251e-02,1.520028761036053104e-02,1.527795474289010517e-02,1.535628122761253933e-02,1.543518494384456437e-02,1.551457986299277156e-02,1.559437414358280476e-02,1.567446792289341889e-02,1.575475077217036723e-02,1.583509879467606685e-02,1.591537137769944918e-02,1.599540767216743598e-02,1.607502298061055934e-02,1.615400540013425465e-02,1.623211329875545728e-02,1.630907448722474645e-02,1.638458822797656672e-02,1.645833137649693051e-02,1.652996978554106128e-02,1.659917540728186869e-02
1.182329936155953387e+00,1.182384948219491916e+00,1.182990531768229214e+00,1.183596936310810976e+00,1.184204153879910182e+00,1.184812176528373451e+00,1.185420996328500953e+00,1.186030605406949379e+00,1.186640995770070761e+00,1.187252159641992488e+00,1.187864089133793710e+00,1.187919756781065761e+00,1.188532512550951603e+00,1.189146017559687740e+00,1.189760263994243505e+00,1.190375244054126869e+00,1.190990949950390343e+00,1.191607373904631562e+00,1.192224508147942119e+00,1.192842344919843312e+00,1.193460876467190568e+00,1.194023774259251214e+00,1.199742547645055613e+00,1.205512702951399451e+00,1.211328173004849740e+00,1.217182728570591843e+00,1.223069858727680259e+00,1.228982631945125359e+00,1.234913535580120403e+00,1.240854291574428947e+00,1.246795647064028234e+00,1.252727140988799670e+00,1.258636852389299454e+00,1.264511143902105506e+00,1.270334426012886819e+00,1.276088984355075784e+00,1.281754932681889114e+00,1.287310373927479823e+00,1.292731862139160137e+00,1.297995245094394345e+00,1.303076915993229390e+00
8.780292092437588236e-01,6.361455682168778436e-01,6.003507081328846029e-01,5.908743211056014522e-01,5.851242898951768412e-01,5.809605215014465029e-01,5.776806548230304372e-01,5.749652312572418600e-01,5.726417277284162610e-01,5.706063113796239206e-01,5.687916089303279854e-01,5.686358630409814596e-01,5.670097336673066701e-01,5.655224999561372368e-01,5.641502926753215741e-01,5.628748997949005739e-01,5.616821081510532387e-01,5.605606114792486272e-01,5.595012674669167518e-01,5.584965779648469741e-01,5.575403164590985172e-01,5.567085973636797247e-01,5.497268253558891260e-01,5.443123419381105110e-01,5.397442064101201087e-01,5.356886770985682666e-01,5.319590633491743104e-01,5.284360308327291644e-01,5.250344226423827587e-01,5.216869951610829670e-01,5.183351628329150307e-01,5.149227352750874731e-01,5.113906226546803824e-01,5.076710494450970002e-01,5.036795294924043542e-01,4.993014157854144264e-01,4.943655589104150039e-01,4.885839477935056130e-01,4.813824463356272676e-01,4.712414768165371082e-01,4.499252463066405472e-01
3.330000000000000000e+02,3.330000000000000000e+02,3.330000000000000000e+02,3.330000000000000000e+02,3.330000000000000000e+02,3.330000000000000000e+02,3.330000000000000000e+02,3.330000000000000000e+02,3.330000000000000000e+02,3.330000000000000000e+02,3.330000000000000000e+02,3.330000000000000000e+02,3.330000000000000000e+02,3.330000000000000000e+02,3.330000000000000000e+02,3.330000000000000000e+02,3.330000000000000000e+02,3.330000000000000000e+02,3.330000000000000000e+02,3.330000000000000000e+02,3.330000000000000000e+02,3.330000000000000000e+02,3.330000000000000000e+02,3.330000000000000000e+02,3.330000000000000000e+02,3.330000000000000000e+02,3.330000000000000000e+02,3.330000000000000000e+02,3.330000000000000000e+02,3.330000000000000000e+02,3.330000000000000000e+02,3.330000000000000000e+02,3.330000000000000000e+02,3.330000000000000000e+02,3.330000000000000000e+02,3.330000000000000000e+02,3.330000000000000000e+02,3.330000000000000000e+02,3.330000000000000000e+02,3.330000000000000000e+02,3.330000000000000000e+02
1.099804382985136459e-03,1.099267687459266939e-03,1.093346054833728952e-03,1.087391709294037835e-03,1.081405018539609427e-03,1.075386354836595226e-03,1.069336094970644354e-03,1.063254620037335950e-03,1.057142316219297339e-03,1.050999573102476443e-03,1.044826785278250196e-03,1.044264146675457847e-03,1.038059037713348100e-03,1.031824722641405678e-03,1.025561609095098281e-03,1.019270108914442641e-03,1.012950638113685681e-03,1.006603616852787611e-03,1.000229469410893017e-03,9.938286241617470124e-04,9.874015135509321955e-04,9.815362606897114379e-04,9.211448965014433282e-04,8.589668290933347465e-04,7.953872919747620148e-04,7.308203437180971424e-04,6.657102869640846776e-04,6.005336917300591829e-04,5.358015950762736596e-04,4.720612349927956410e-04,4.098963781571498882e-04,3.499249129056781820e-04,2.927919287226144200e-04,2.391560937826882110e-04,1.896669959826189798e-04,1.449316123757233708e-04,1.054697069931477034e-04,7.166110132379122587e-05,4.369219915836579837e-05,2.151353732213776780e-05,4.821987847172582348e-06
1.099804382985136459e-03,1.099338253625983981e-03,1.094196682016153376e-03,1.089029370099937714e-03,1.083836605936916875e-03,1.078618681023212154e-03,1.073375890256677082e-03,1.068108531739212245e-03,1.062816907566252033e-03,1.057501322152779033e-03,1.052162083847707139e-03,1.051675536414484625e-03,1.046310850254871232e-03,1.040923166056690989e-03,1.035512801962886441e-03,1.030080079288674209e-03,1.024625322499873523e-03,1.019148859192604535e-03,1.013651020074542034e-03,1.008132138947682695e-03,1.002592552692500557e-03,9.975388839233972210e-04,9.455852317264464967e-04,8.922185909701770522e-04,8.377381030203667409e-04,7.824649733718058676e-04,7.267436960922183352e-04,6.709437590655002509e-04,6.154615084097646814e-04,5.607216878953133303e-04,5.071779418230821287e-04,4.553112723664655003e-04,4.056250953668664289e-04,3.586352181540387223e-04,3.148529373676653268e-04,2.747598131377007439e-04,2.387738914079384973e-04,2.072095073052291573e-04,1.802361563964565631e-04,1.578452674832259346e-04,1.398351809822496864e-04
1.099804382985136459e-03,1.099408852794532109e-03,1.095047707013225994e-03,1.090667796794196403e-03,1.086269330519943612e-03,1.081852518878783590e-03,1.077417574842478741e-03,1.072964713480436660e-03,1.068494152761572833e-03,1.064006111890074182e-03,1.059500812932057069e-03,1.059090392254125176e-03,1.054566521939351601e-03,1.050025864560619497e-03,1.045468648726491931e-03,1.040895105185050571e-03,1.036305466810872244e-03,1.031699968592947022e-03,1.027078847623719106e-03,1.022442343089208228e-03,1.017790696260087316e-03,1.013548991138382921e-03,9.700369970157034704e-04,9.254859037701676245e-04,8.801087203610568266e-04,8.341337557807804387e-04,7.878056488463512511e-04,7.413867552288951751e-04,6.951586764666247689e-04,6.494236048229402045e-04,6.045050013675763809e-04,5.607469180931332975e-04,5.185110309413655007e-04,4.781702195850112908e-04,4.400974247317471395e-04,4.046487309341623368e-04,3.721404184779807003e-04,3.428213055018556818e-04,3.168439714413379907e-04,2.942407561984103966e-04,2.749115160283699074e-04
1.099804382985136459e-03,1.099479483597074923e-03,1.095899113336605731e-03,1.092306957632814329e-03,1.088703145155419261e-03,1.085087805748722939e-03,1.081461070421687069e-03,1.077823071174025546e-03,1.074173941810427704e-03,1.070513816286114807e-03,1.066842830345741304e-03,1.066508570533889529e-03,1.062825892815758054e-03,1.059132641791282400e-03,1.055428956494528512e-03,1.051714977065861195e-03,1.047990844747574571e-03,1.044256701880034261e-03,1.040512691898506318e-03,1.036758959330638620e-03,1.032995649794461171e-03,1.029566272143898334e-03,9.944997186239850056e-04,9.587681229496287016e-04,9.224983230795042333e-04,8.858256898786815488e-04,8.488949621704356590e-04,8.118613154094429058e-04,7.748915551393951648e-04,7.381652672040524407e-04,7.018756711095948961e-04,6.662298073033479312e-04,6.314475483167650803e-04,5.977587821227087119e-04,5.653980315024804710e-04,5.345958492083517644e-04,5.055667042689363996e-04,4.784938684779142326e-04,4.535129975597416161e-04,4.306973608481780118e-04,4.100483759242061401e-04
1.099804382985136459e-03,1.099550144749086768e-03,1.096750885502208520e-03,1.093946822805225367e-03,1.091138005580821572e-03,1.088324482794548803e-03,1.085506303457349280e-03,1.082683516463546708e-03,1.079856171417444824e-03,1.077024316988663610e-03,1.074188002563305263e-03,1.073929936343225120e-03,1.071088812675204897e-03,1.068243332128455351e-03,1.065393544124055257e-03,1.062539498155719297e-03,1.059681243794085648e-03,1.056818830691084446e-03,1.053952308584560175e-03,1.051081727303114586e-03,1.048207136771034604e-03,1.045590435641978108e-03,1.018972951660486893e-03,9.920646432221376290e-04,9.649061402580350793e-04,9.375398355711690420e-04,9.100105250648796466e-04,8.823661579229445662e-04,8.546586943676508360e-04,8.269450611401576523e-04,7.992881802193730571e-04,7.717580216346251821e-04,7.444325935753197052e-04,7.173987308720970605e-04,6.907524789028518259e-04,6.645988046795653532e-04,6.390503222262909535e-04,6.142247288270141683e-04,5.902407492231195396e-04,5.672125997671798123e-04,5.452433030059211866e-04
3.142902361933547217e-01,3.142176823314113410e-01,3.134188337974899152e-01,3.126186088715581235e-01,3.118170214865297885e-01,3.110140855878990584e-01,3.102098151344524490e-01,3.094042240692402856e-01,3.085973264829138807e-01,3.077891362626182792e-01,3.069796674718602847e-01,3.069060164847975947e-01,3.060951689007126997e-01,3.052830721195599617e-01,3.044697402196786529e-01,3.036551873004991187e-01,3.028394274837655220e-01,3.020224749147867316e-01,3.012043437637667576e-01,3.003850482271732680e-01,2.995646025291606729e-01,2.988177567229336473e-01,2.912204500622397330e-01,2.835396220989631066e-01,2.757868548339028614e-01,2.679742365450783481e-01,2.601145448209749578e-01,2.522214610548134672e-01,2.443098157359273881e-01,2.363958617359475933e-01,2.284975686062188371e-01,2.206349238529815293e-01,2.128302163910158751e-01,2.051082624685279243e-01,1.974965160417168353e-01,1.900249868892644467e-01,1.827258769620969392e-01,1.756328481306947131e-01,1.687798631839906582e-01,1.621996033538005699e-01,1.559215566926970276e-01
0.000000000000000000e+00,0.000000000000000000e+00,0.000000000000000000e+00,0.000000000000000000e+00,0.000000000000000000e+00,0.000000000000000000e+00,2.100262455308534135e-16,-6.761824564020319119e-11,-6.761824564020313949e-11,-6.761824564032637648e-11,-6.761824564032584657e-11,-6.761824564032584657e-11,-6.761824564024183604e-11,-6.761824564024152584e-11,-6.761824564046663529e-11,-6.761824564044845024e-11,-6.761824564044821760e-11,-6.761824564073271603e-11,-6.761824564075070721e-11,-6.761824564086430237e-11,-6.761824564090058200e-11,-6.761824564105569129e-11,-6.761824564101406084e-11,-6.761824564101280714e-11,-6.761824564101765390e-11,-6.761824564102586108e-11,-6.761824564102586108e-11,-6.761824564102658487e-11,-6.761824564117246592e-11,-6.761824564117246592e-11,-6.761824564156713447e-11,-6.761824564156965479e-11,-6.761824564191681215e-11,-6.761824564175810980e-11,-6.761824564228405449e-11,-6.761824564311477647e-11,-6.761824564312917459e-11,-6.761824564309660435e-11,-6.761824564260310064e-11,-6.761824563854532737e-11,-6.761824563854170846e-11
4.489860517047924993e-02,4.490053229893663234e-02,4.492174913234845551e-02,4.494299951162111784e-02,4.496428311393182997e-02,4.498559961614568420e-02,4.500694869479898719e-02,4.502833002920032107e-02,4.504974328776980425e-02,4.507118815138749096e-02,4.509266429391536879e-02,4.509461821028643014e-02,4.511612810411978758e-02,4.513766859594199599e-02,4.515923935935808181e-02,4.518084006745947540e-02,4.520247039279495782e-02,4.522413000734101796e-02,4.524581858247030824e-02,4.526753578891911517e-02,4.528928129675365011e-02,4.530907422108376714e-02,4.551032734807192170e-02,4.571365454800205980e-02,4.591878670487439806e-02,4.612544257515047152e-02,4.633332441733532814e-02,4.654211285731035125e-02,4.675146099969319097e-02,4.696098784550845062e-02,4.717027117517044732e-02,4.737884022322715050e-02,4.758616872825759125e-02,4.779166929880136055e-02,4.799469047788081782e-02,4.819451834352324326e-02,4.839038480201687115e-02,4.858148468549877697e-02,4.876700310051268472e-02,4.894615302286715874e-02,4.911822096158667550e-02
1.496620172349308157e-02,1.496696426022876836e-02,1.497535995083718735e-02,1.498376982862547994e-02,1.499219376706311356e-02,1.500063163944930812e-02,1.500908331890609716e-02,1.501754867948064745e-02,1.502602759123951304e-02,1.503451992875045988e-02,1.504302556388788757e-02,1.504379945841417474e-02,1.505231945418925542e-02,1.506085247992470372e-02,1.506939840723789739e-02,1.507795710749268263e-02,1.508652845178744262e-02,1.509511231094290765e-02,1.510370855548918284e-02,1.511231705565238732e-02,1.512093768134083194e-02,1.512878502619328241e-02,1.520861837698200651e-02,1.528935072943428744e-02,1.537087522053830028e-02,1.545307970553857178e-02,1.553584496220614813e-02,1.561904257766447146e-02,1.570253252030051269e-02,1.578616041981893356e-02,1.586975461903344931e-02,1.595312312985913000e-02,1.603605073184640600e-02,1.611829659924954999e-02,1.619959302561978232e-02,1.627964600436035067e-02,1.635813855858419749e-02,1.643473769955052302e-02,1.650910562391279604e-02,1.658091516572521296e-02,1.664986862433455797e-02
1.182329936155953609e+00,1.182386700227453291e+00,1.183011661792070957e+00,1.183637637403230913e+00,1.184264617419909627e+00,1.184892592189253246e+00,1.185521552046074234e+00,1.186151487398209081e+00,1.186782388347888961e+00,1.187414245344124986e+00,1.188047048632111746e+00,1.188104622790953080e+00,1.188738447292915890e+00,1.189373197711250940e+00,1.190008864275275302e+00,1.190645437196420131e+00,1.191282906667360697e+00,1.191921262861128650e+00,1.192560495930165665e+00,1.193200596005350445e+00,1.193841553194990857e+00,1.194424976983218478e+00,1.200358214366239462e+00,1.206354345835904063e+00,1.212405272340600693e+00,1.218502514381754942e+00,1.224637081719249565e+00,1.230799320483805914e+00,1.236978738102546327e+00,1.243163807973909130e+00,1.249341758814676462e+00,1.255498358638400758e+00,1.261617711020695642e+00,1.267682091975260716e+00,1.273671868890778880e+00,1.279565556409738569e+00,1.285340073397271077e+00,1.290971263410101155e+00,1.296434720754814807e+00,1.301706920469924977e+00,1.306766585511685008e+00
3.330000000000000000e+02,3.330000000000000000e+02,3.330000000000000000e+02,3.330000000000000000e+02,3.330000000000000000e+02,3.330000000000000000e+02,3.330000000000000000e+02,3.330000000000000000e+02,3.330000000000000000e+02,3.330000000000000000e+02,3.330000000000000000e+02,3.330000000000000000e+02,3.330000000000000000e+02,3.330000000000000000e+02,3.330000000000000000e+02,3.330000000000000000e+02,3.330000000000000000e+02,3.330000000000000000e+02,3.330000000000000000e+02,3.330000000000000000e+02,3.330000000000000000e+02,3.330000000000000000e+02,3.330000000000000000e+02,3.330000000000000000e+02,3.330000000000000000e+02,3.330000000000000000e+02,3.330000000000000000e+02,3.330000000000000000e+02,3.330000000000000000e+02,3.330000000000000000e+02,3.330000000000000000e+02,3.330000000000000000e+02,3.330000000000000000e+02,3.330000000000000000e+02,3.330000000000000000e+02,3.330000000000000000e+02,3.330000000000000000e+02,3.330000000000000000e+02,3.330000000000000000e+02,3.330000000000000000e+02,3.330000000000000000e+02
3.142902361933546662e-01,3.142767627809012754e-01,3.141285469355613591e-01,3.139803158566740748e-01,3.138320695419886119e-01,3.136838079892537712e-01,3.135355311962187419e-01,3.133872391534642254e-01,3.132389318802398237e-01,3.130906093527922041e-01,3.129422715760358797e-01,3.129287855673615892e-01,3.127804311524264858e-01,3.126320614834717238e-01,3.124836765582441056e-01,3.123352763744897675e-01,3.121868609299549013e-01,3.120384302223849771e-01,3.118899842495250763e-01,3.117415230091208911e-01,3.115930464989166149e-01,3.114580546007255091e-01,3.100932173571074868e-01,3.087270893253136750e-01,3.073596687531424121e-01,3.059909538862936595e-01,3.046209429683915393e-01,3.032496342410062051e-01,3.018770259436633907e-01,3.005031163138691119e-01,2.991279035871349801e-01,2.977513859969959653e-01,2.963735617750291040e-01,2.949944291508896366e-01,2.936139863523122284e-01,2.922322316051560454e-01,2.908491631334225169e-01,2.894647791592798169e-01,2.880790779030926729e-01,2.866920575834486229e-01,2.853037164171745022e-01
0.000000000000000000e+00,0.000000000000000000e+00,0.000000000000000000e+00,0.000000000000000000e+00,0.000000000000000000e+00,0.000000000000000000e+00,5.786026761270479776e-17,-7.620792489208208832e-18,-1.290458315325312403e-17,-6.924443454844283159e-18,-6.924443454844283159e-18,-6.924443567476939561e-18,-6.924443567476939561e-18,-6.924443567476939561e-18,-6.924443567476302463e-18,-9.835865572290314404e-18,-9.835885221812562403e-18,-1.133234012945235794e-17,-8.260067731228498177e-18,-3.979682355903876019e-16,-3.979682370062608912e-16,-3.953460422513593528e-16,-3.958804004229994571e-16,-4.515130735936221830e-16,-4.515130704358400826e-16,-4.515130957817133809e-16,-4.515134745409421965e-16,-4.515132957982372199e-16,-4.515132994195681877e-16,-4.515132869386772607e-16,-4.515133049245746530e-16,-4.515132641553386422e-16,-4.515133058819678020e-16,-4.515133118311479220e-16,-4.515133810297957862e-16,-4.515133599709184464e-16,-4.515133383953581184e-16,-4.515133190144793332e-16,-7.533344954140796517e-15,-7.533344954140798095e-15,-7.533344959204766036e-15
4.489860517047923605e-02,4.489898387298034421e-02,4.490314982153600920e-02,4.490731617539685250e-02,4.491148293464714003e-02,4.491565009937120018e-02,4.491981766965339601e-02,4.492398564578329451e-02,4.492815402723025764e-02,4.493232281469401040e-02,4.493649200805420463e-02,4.493687104576243180e-02,4.494104068201536933e-02,4.494521072434196768e-02,4.494938117282713114e-02,4.495355202755577095e-02,4.495772328861293021e-02,4.496189495608365200e-02,4.496606703005313205e-02,4.497023951060655916e-02,4.497441239782919153e-02,4.497820628463459341e-02,4.501656338600223267e-02,4.505495488797381376e-02,4.509338085754602959e-02,4.513184136222482545e-02,4.517033647003455832e-02,4.520886624952748234e-02,4.524743076979382411e-02,4.528603010047176081e-02,4.532466431175750932e-02,4.536333347441603298e-02,4.540203765979194950e-02,4.544077693982027932e-02,4.547955138703843603e-02,4.551836107459727998e-02,4.555720607627339325e-02,4.559608646648123653e-02,4.563500232028609022e-02,4.567395371341587129e-02,4.571294072227632954e-02
1.496620172349307810e-02,1.496635047490342887e-02,1.496798684239032846e-02,1.496962339685692887e-02,1.497126013834505949e-02,1.497289706689657572e-02,1.497453418255334859e-02,1.497617148543772293e-02,1.497780897535039638e-02,1.497944665257457120e-02,1.498108451707185103e-02,1.498123342313205202e-02,1.498287149197519673e-02,1.498450974817934836e-02,1.498614819178661732e-02,1.498778682283911229e-02,1.498942564137900092e-02,1.499106464744844915e-02,1.499270384108969574e-02,1.499434322234496214e-02,1.499598279125651835e-02,1.499747347132669717e-02,1.501254589699709679e-02,1.502763419944581728e-02,1.504273841182999540e-02,1.505785856752916117e-02,1.507299470014896239e-02,1.508814684352503474e-02,1.510331503172710789e-02,1.511849929906305609e-02,1.513369968008301987e-02,1.514891620958374978e-02,1.516414892261305422e-02,1.517939785447414841e-02,1.519466304073056363e-02,1.520994451721062284e-02,1.522524232001241408e-02,1.524055648550876052e-02,1.525588705035243325e-02,1.527123405148102589e-02,1.528659752612302782e-02
1.182329936155953387e+00,1.182341036089907149e+00,1.182463142221697128e+00,1.182585260928296966e+00,1.182707392211516773e+00,1.182829536073167098e+00,1.182951692515056719e+00,1.183073861545090200e+00,1.183196043146798715e+00,1.183318237340271306e+00,1.183440444121226509e+00,1.183451554452821242e+00,1.183573774967640491e+00,1.183696008073727990e+00,1.183818253772895623e+00,1.183940512066954165e+00,1.184062782957715054e+00,1.184185066446990175e+00,1.184307362536591635e+00,1.184429671228330649e+00,1.184551992524018438e+00,1.184663204640753698e+00,1.185787617216522039e+00,1.186913095183442346e+00,1.188039639947945147e+00,1.189167252917351369e+00,1.190295935499831703e+00,1.191425689104371077e+00,1.192556515140740458e+00,1.193688415019460214e+00,1.194821390151755702e+00,1.195955441949523523e+00,1.197090571825294436e+00,1.198226781192182733e+00,1.199364071463862924e+00,1.200502444054509343e+00,1.201641900378758843e+00,1.202782441851664608e+00,1.203924069888657078e+00,1.205066785905467119e+00,1.206210591318129133e+00
3.330000000000000000e+02,3.330000000000000000e+02,3.330000000000000000e+02,3.330000000000000000e+02,3.330000000000000000e+02,3.330000000000000000e+02,3.330000000000000000e+02,3.330000000000000000e+02,3.330000000000000000e+02,3.330000000000000000e+02,3.330000000000000000e+02,3.330000000000000000e+02,3.330000000000000000e+02,3.330000000000000000e+02,3.330000000000000000e+02,3.330000000000000000e+02,3.330000000000000000e+02,3.330000000000000000e+02,3.330000000000000000e+02,3.330000000000000000e+02,3.330000000000000000e+02,3.330000000000000000e+02,3.330000000000000000e+02,3.330000000000000000e+02,3.330000000000000000e+02,3.330000000000000000e+02,3.330000000000000000e+02,3.330000000000000000e+02,3.330000000000000000e+02,3.330000000000000000e+02,3.330000000000000000e+02,3.330000000000000000e+02,3.330000000000000000e+02,3.330000000000000000e+02,3.330000000000000000e+02,3.330000000000000000e+02,3.330000000000000000e+02,3.330000000000000000e+02,3.330000000000000000e+02,3.330000000000000000e+02,3.330000000000000000e+02
3.142902361933546662e-01,3.142632892425698543e-01,3.139668395494454312e-01,3.136703289166303810e-01,3.133737573300791612e-01,3.130771247757421216e-01,3.127804312395633946e-01,3.124836766932176935e-01,3.121868611654527448e-01,3.118899845993938769e-01,3.115930469952413739e-01,3.115660496404225599e-01,3.112690454332107115e-01,3.109719801584773791e-01,3.106748538021435468e-01,3.103776663501254252e-01,3.100804177883344503e-01,3.097831081026800604e-01,3.094857372790683070e-01,3.091883053034005235e-01,3.088908121615724367e-01,3.086203107608788687e-01,3.058839834351120834e-01,3.031424808441424146e-01,3.003957920083256683e-01,2.976439059217101391e-01,2.948868115520191235e-01,2.921244978406645765e-01,2.893569537027314009e-01,2.865841680270522773e-01,2.838061296761252295e-01,2.810228274862085485e-01,2.782342502673348372e-01,2.754403868033165059e-01,2.726412258518308152e-01,2.698367561444446894e-01,2.670269663866844945e-01,2.642118452580999310e-01,2.613913814123351997e-01,2.585655634772525135e-01,2.557343800549577439e-01
0.000000000000000000e+00,0.000000000000000000e+00,0.000000000000000000e+00,0.000000000000000000e+00,0.000000000000000000e+00,0.000000000000000000e+00,1.157394453159968326e-16,-2.413744146386539509e-21,4.768909125900821311e-23,-1.651470170589479685e-20,-1.651470170589480287e-20,-1.651482555549702163e-20,-1.651482555549702163e-20,-1.651482555549702163e-20,-1.651482555472921354e-20,5.272057383962030150e-24,-7.472029098033971153e-19,-3.127323325944353600e-18,-8.001320883228209393e-18,-1.410109839067369767e-15,-1.410109839067369767e-15,-1.415357401903276287e-15,-1.414288023734960478e-15,-6.645741315743633698e-21,-6.645741315743633698e-21,-6.645741315743633698e-21,-6.645741315743633698e-21,-6.645741315743633698e-21,-6.645741315743633698e-21,-6.645741315743633698e-21,-6.645741315743633698e-21,-6.645741315743633698e-21,-6.645741315743633698e-21,-6.645741315743633698e-21,-6.645741315743633698e-21,-6.645741315743633698e-21,-6.645741315743633698e-21,-6.645741315743633698e-21,-3.397222436674912990e-15,-3.396980854832098129e-15,-3.196499061348569892e-15
4.489860517047923605e-02,4.489936257883036380e-02,4.490769495490885138e-02,4.491602895242160359e-02,4.492436457190175647e-02,4.493270181388328566e-02,4.494104067890090232e-02,4.494938116790317406e-02,4.495772328018662889e-02,4.496606701752773466e-02,4.497441238005094044e-02,4.497517112997737043e-02,4.498351826604046061e-02,4.499186702841209695e-02,4.500021741763213928e-02,4.500856943424125234e-02,4.501692307878083638e-02,4.502527835179304799e-02,4.503363525382072380e-02,4.504199378540758858e-02,4.505035394709804714e-02,4.505795550910077912e-02,4.513484700404790662e-02,4.521187658405258214e-02,4.528904468105714176e-02,4.536635173284986333e-02,4.544379818326672177e-02,4.552138448240153346e-02,4.559911108682742492e-02,4.567697845982656574e-02,4.575498707163576373e-02,4.583313739969940848e-02,4.591142992893759017e-02,4.598986515202811015e-02,4.606844356970114795e-02,4.614716569105072747e-02,4.622603203386172616e-02,4.630504312495445363e-02,4.638419950054775698e-02,4.646350170664009793e-02,4.654295029941570017e-02
1.496620172349307810e-02,1.496649922785871570e-02,1.496977218379333917e-02,1.497304588775099157e-02,1.497632033999463964e-02,1.497959554078761614e-02,1.498287149039355566e-02,1.498614818923817496e-02,1.498942563710038353e-02,1.499270383473010580e-02,1.499598278223047455e-02,1.499628090555970260e-02,1.499956067140324062e-02,1.500284118767231112e-02,1.500612245463278302e-02,1.500940447255087046e-02,1.501268724169310328e-02,1.501597076232634269e-02,1.501925503471772914e-02,1.502254005913479865e-02,1.502582583584538035e-02,1.502881355862457566e-02,1.505904022755090270e-02,1.508933063816602325e-02,1.511968500235414022e-02,1.515010353450590812e-02,1.518058645160023229e-02,1.521113397328940388e-02,1.524174632198890128e-02,1.527242372297029499e-02,1.530316640446081726e-02,1.533397459774564660e-02,1.536484853727635574e-02,1.539578846078503739e-02,1.542679460940333917e-02,1.545786722778838551e-02,1.548900656425487507e-02,1.552021287091425936e-02,1.555148640382134594e-02,1.558282742312810942e-02,1.561423619324757602e-02
1.182329936155953387e+00,1.182352136127769571e+00,1.182596363251811278e+00,1.182840640679504007e+00,1.183084968422127625e+00,1.183329346490967993e+00,1.183573774897312081e+00,1.183818253664693732e+00,1.184062782767662858e+00,1.184307362254251705e+00,1.184551992123508590e+00,1.184574233701236379e+00,1.184818918546285405e+00,1.185063653797622241e+00,1.185308439466545405e+00,1.185553275564356968e+00,1.185798162102360331e+00,1.186043099091861341e+00,1.186288086544164955e+00,1.186533124470581457e+00,1.186778212882421801e+00,1.187001064348732537e+00,1.189255380649277161e+00,1.191513968202520424e+00,1.193776835799655212e+00,1.196043992244031573e+00,1.198315446350809443e+00,1.200591206946550749e+00,1.202871282868833713e+00,1.205155682965755481e+00,1.207444416095557971e+00,1.209737491126076536e+00,1.212034916934231932e+00,1.214336702405508062e+00,1.216642856433335584e+00,1.218953387918492393e+00,1.221268305768443474e+00,1.223587618896649687e+00,1.225911336221838788e+00,1.228239466667180979e+00,1.230572019159543729e+00
3.330000000000000000e+02,3.330000000000000000e+02,3.330000000000000000e+02,3.330000000000000000e+02,3.330000000000000000e+02,3.330000000000000000e+02,3.330000000000000000e+02,3.330000000000000000e+02,3.330000000000000000e+02,3.330000000000000000e+02,3.330000000000000000e+02,3.330000000000000000e+02,3.330000000000000000e+02,3.330000000000000000e+02,3.330000000000000000e+02,3.330000000000000000e+02,3.330000000000000000e+02,3.330000000000000000e+02,3.330000000000000000e+02,3.330000000000000000e+02,3.330000000000000000e+02,3.330000000000000000e+02,3.330000000000000000e+02,3.330000000000000000e+02,3.330000000000000000e+02,3.330000000000000000e+02,3.330000000000000000e+02,3.330000000000000000e+02,3.330000000000000000e+02,3.330000000000000000e+02,3.330000000000000000e+02,3.330000000000000000e+02,3.330000000000000000e+02,3.330000000000000000e+02,3.330000000000000000e+02,3.330000000000000000e+02,3.330000000000000000e+02,3.330000000000000000e+02,3.330000000000000000e+02,3.330000000000000000e+02,3.330000000000000000e+02
3.142902361933546107e-01,3.142498155783591818e-01,3.138051140329403133e-01,3.133602753586817724e-01,3.129152995106441182e-01,3.124701864438715893e-01,3.120249361133868859e-01,3.115795484526245329e-01,3.111340234813013694e-01,3.106883610896610803e-01,3.102425612542354383e-01,3.102020271795178918e-01,3.097560773540220525e-01,3.093099899904974692e-01,3.088637650438453286e-01,3.084174024689464999e-01,3.079709022206657543e-01,3.075242642538507654e-01,3.070774885233303331e-01,3.066305749839153827e-01,3.061835235903996866e-01,3.057769935691451169e-01,3.016624982752557638e-01,2.975363265241617872e-01,2.933984430424550482e-01,2.892488124275993666e-01,2.850873991467681723e-01,2.809141675358582391e-01,2.767290817981679640e-01,2.725321060033093490e-01,2.683232040859652723e-01,2.641023398445027648e-01,2.598694769397634219e-01,2.556245788935658236e-01,2.513676090873079305e-01,2.470985307604489922e-01,2.428173070089592878e-01,2.385239007836699732e-01,2.342182748885582311e-01,2.299003919789877337e-01,2.255702145597729413e-01
0.000000000000000000e+00,0.000000000000000000e+00,0.000000000000000000e+00,0.000000000000000000e+00,0.000000000000000000e+00,0.000000000000000000e+00,1.736375390393413085e-16,-2.464052736879636826e-19,-2.178110233189848805e-17,-3.033527943691372633e-17,-3.033527943600257966e-17,-3.033527967521390094e-17,-3.033527967521390094e-17,-3.033527968088461523e-17,-3.033527968088332717e-17,-2.937501542936306862e-17,-2.887663168033277876e-17,-3.523553125290240183e-17,-3.300967702645213756e-17,-3.878851874517734388e-16,-3.878851874525747243e-16,-3.852598257469357629e-16,-3.857948419186929538e-16,-2.950192024631915876e-15,-2.950192024631878800e-15,-2.950192025401109690e-15,-2.950192026054352784e-15,-2.950192026058412657e-15,-2.950192026056549762e-15,-2.950192026056549762e-15,-2.950192026029186544e-15,-2.950192025891511777e-15,-2.950192025639598908e-15,-2.950192025639598908e-15,-2.950192025812527079e-15,-2.950192025812530235e-15,-2.950192025812532207e-15,-2.950192025812210746e-15,-4.448356560370386668e-20,-7.428385813127430788e-19,-5.805404458145066563e-16
4.489860517047922911e-02,4.489974128802933645e-02,4.491224057067659536e-02,4.492474350210874656e-02,4.493725008403857968e-02,4.494976031818222195e-02,4.496227420625933252e-02,4.497479175060219853e-02,4.498731295110861700e-02,4.499983781133689437e-02,4.501236633241062490e-02,4.501350547046139433e-02,4.502603798716545147e-02,4.503857416834998462e-02,4.505111401575887659e-02,4.506365753113951433e-02,4.507620471624280284e-02,4.508875557282311652e-02,4.510131010263850743e-02,4.511386830745051091e-02,4.512643018902427750e-02,4.513785327343074888e-02,4.525345743309070606e-02,4.536937356415398498e-02,4.548560308249137429e-02,4.560214743261619547e-02,4.571900808914528686e-02,4.583618655835710459e-02,4.595368437986895038e-02,4.607150312842784451e-02,4.618964441583623542e-02,4.630810989302408531e-02,4.642690125227212639e-02,4.654602022961289859e-02,4.666546860741604269e-02,4.678524821718137855e-02,4.690536094255769867e-02,4.702580872261194478e-02,4.714659355537237362e-02,4.726771750167478581e-02,4.738918268934506905e-02
1.496620172349307464e-02,1.496664798235895245e-02,1.497155774774089169e-02,1.497646919644836892e-02,1.498138232932477894e-02,1.498629714721496677e-02,1.499121365096527971e-02,1.499613184166519869e-02,1.500105171943859859e-02,1.500597328586152253e-02,1.501089654154431040e-02,1.501134419403719021e-02,1.501626929352255051e-02,1.502119608405433349e-02,1.502612456648927744e-02,1.503105474168564548e-02,1.503598661050318565e-02,1.504092017380315692e-02,1.504585543244836739e-02,1.505079238730314302e-02,1.505573103923332941e-02,1.506022219620484562e-02,1.510568540560633562e-02,1.515129265809663645e-02,1.519704464519476723e-02,1.524294207061233954e-02,1.528898565084578498e-02,1.533517611580733665e-02,1.538151420950435375e-02,1.542800069076398668e-02,1.547463633401221714e-02,1.552142193011189775e-02,1.556835828726126775e-02,1.561544623196426881e-02,1.566268661007469074e-02,1.571008028792393943e-02,1.575762815353947549e-02,1.580533111796381465e-02,1.585319011668378034e-02,1.590120611118123195e-02,1.594938009061911896e-02
1.182329936155953165e+00,1.182363236269541540e+00,1.182729599247955621e+00,1.183096075421248061e+00,1.183462664825502886e+00,1.183829367496812557e+00,1.184196183471284192e+00,1.184563112803079576e+00,1.184930155474160696e+00,1.185297311574819989e+00,1.185664581123142103e+00,1.185697974890651984e+00,1.186065368241289386e+00,1.186432875115183805e+00,1.186800495548502532e+00,1.187168229577423073e+00,1.187536077238130705e+00,1.187904038566819143e+00,1.188272113599692759e+00,1.188640302372963697e+00,1.189008604922852541e+00,1.189343524185013656e+00,1.192733255427017802e+00,1.196132622668434120e+00,1.199541654100440224e+00,1.202960377974074291e+00,1.206388822598551513e+00,1.209827016339255490e+00,1.213274987615809097e+00,1.216732764899724151e+00,1.220200376711940038e+00,1.223677851620222690e+00,1.227165218236124788e+00,1.230662505211875146e+00,1.234169741236838647e+00,1.237686955033701519e+00,1.241214175354265148e+00,1.244751430974872175e+00,1.248298750691377634e+00,1.251856163313617598e+00,1.255423697659384441e+00
